Iteration,Latency/Jitter (ns)
0,22342
1,4829
2,4960
3,4989
4,4889
5,4468
6,4469
7,4479
8,11371
9,4448
10,4469
11,4458
12,5350
13,5030
14,4489
15,4468
16,4459
17,23545
18,4619
19,5290
20,5099
21,4498
22,4469
23,4468
24,11592
25,4538
26,4498
27,4488
28,5000
29,5250
30,4529
31,4469
32,4478
33,11061
34,4558
35,4468
36,4459
37,4929
38,5009
39,4559
40,4468
41,4468
42,4459
43,4669
44,4478
45,4479
46,4468
47,4969
48,5010
49,4468
50,4458
51,4449
52,11141
53,4499
54,4479
55,4468
56,5229
57,5090
58,4478
59,4458
60,4459
61,11091
62,4539
63,4448
64,4458
65,5000
66,5270
67,4548
68,4469
69,4479
70,4468
71,4619
72,4458
73,4468
74,4469
75,5059
76,4829
77,4459
78,4468
79,4458
80,11131
81,4488
82,4449
83,4458
84,5230
85,5130
86,4509
87,4448
88,4468
89,11141
90,4538
91,4459
92,4469
93,5120
94,5220
95,4539
96,4448
97,4448
98,20559
99,4708
100,4438
101,5009
102,5009
103,4478
104,4459
105,4458
106,11171
107,4519
108,4478
109,4458
110,5020
111,5170
112,4539
113,4469
114,4448
115,11000
116,4588
117,4448
118,4459
119,4709
120,5020
121,4568
122,4489
123,4469
124,4468
125,4699
126,4468
127,4468
128,4469
129,5010
130,5040
131,4489
132,4458
133,4468
134,11101
135,4518
136,4469
137,4459
138,5170
139,5110
140,4528
141,4468
142,4459
143,10961
144,4559
145,4459
146,4468
147,4950
148,4990
149,4578
150,4479
151,4469
152,4478
153,4669
154,4468
155,4468
156,4479
157,5049
158,4999
159,4488
160,4459
161,4468
162,11071
163,4488
164,4468
165,4469
166,5270
167,5079
168,4479
169,4449
170,4458
171,20598
172,4649
173,4829
174,4979
175,4879
176,4469
177,4488
178,4468
179,11482
180,4509
181,4459
182,4448
183,5320
184,5080
185,4478
186,4458
187,4459
188,10941
189,4539
190,4468
191,4459
192,5230
193,5129
194,4488
195,4449
196,4448
197,10980
198,4568
199,4458
200,4459
201,4969
202,5130
203,4599
204,4479
205,4468
206,4468
207,11241
208,4468
209,4448
210,4459
211,5090
212,4940
213,4468
214,4458
215,4459
216,11161
217,4519
218,4468
219,4458
220,5150
221,5209
222,4498
223,4468
224,4469
225,11041
226,4579
227,4459
228,4468
229,4930
230,4930
231,4749
232,4479
233,4459
234,4458
235,4679
236,4478
237,4468
238,4479
239,5019
240,4929
241,4469
242,4459
243,4448
244,11231
245,4509
246,4448
247,19928
248,4499
249,4459
250,4458
251,11201
252,4478
253,4478
254,4479
255,4979
256,4949
257,4478
258,4469
259,4478
260,11101
261,4498
262,4468
263,4479
264,5140
265,5180
266,4529
267,4449
268,4458
269,10980
270,4568
271,4468
272,4469
273,4939
274,5049
275,4559
276,4489
277,4468
278,4479
279,4679
280,4478
281,4459
282,4468
283,5000
284,5030
285,4489
286,4448
287,4448
288,11041
289,4499
290,4449
291,4468
292,4979
293,5170
294,4509
295,4459
296,4438
297,11010
298,4558
299,4468
300,4459
301,4990
302,5070
303,4589
304,4449
305,4468
306,4458
307,4658
308,4458
309,4469
310,4469
311,4989
312,5009
313,4499
314,4448
315,4458
316,20249
317,4549
318,4999
319,5099
320,4589
321,4468
322,4468
323,4479
324,4669
325,4478
326,4458
327,4890
328,4960
329,4849
330,4478
331,4449
332,4458
333,11131
334,4478
335,4468
336,4469
337,5260
338,5059
339,4499
340,4469
341,4468
342,10970
343,4518
344,4469
345,4479
346,5130
347,5140
348,4539
349,4458
350,4448
351,11071
352,4568
353,4469
354,4459
355,4899
356,5019
357,4589
358,4488
359,4468
360,4489
361,4659
362,4479
363,4468
364,4468
365,5351
366,5050
367,4488
368,4458
369,4469
370,11081
371,4509
372,4478
373,4468
374,4940
375,5190
376,4529
377,4449
378,4458
379,11000
380,4578
381,4458
382,4469
383,4909
384,5019
385,4609
386,4469
387,4458
388,4468
389,4668
390,4468
391,4459
392,4469
393,4989
394,5000
395,25318
396,4688
397,4478
398,4429
399,4649
400,5040
401,4759
402,4488
403,4449
404,4469
405,11111
406,4479
407,4488
408,4458
409,4999
410,5009
411,4499
412,4469
413,4468
414,11121
415,4498
416,4458
417,4459
418,4899
419,5180
420,4548
421,4468
422,4459
423,11001
424,4569
425,4469
426,4468
427,4678
428,4959
429,4709
430,4479
431,4478
432,4458
433,11221
434,4448
435,4468
436,4469
437,4950
438,5000
439,4488
440,4468
441,4459
442,11031
443,4529
444,4458
445,4448
446,4930
447,5270
448,4529
449,4459
450,4478
451,10980
452,4608
453,4468
454,4479
455,4919
456,4989
457,4609
458,4469
459,4458
460,4468
461,4679
462,4478
463,4469
464,4468
465,4970
466,5070
467,4489
468,4448
469,4468
470,20118
471,4568
472,4909
473,5000
474,4598
475,4468
476,4459
477,4458
478,4689
479,4458
480,4459
481,4549
482,5039
483,5019
484,4489
485,4448
486,4458
487,11101
488,4498
489,4448
490,4459
491,5250
492,5180
493,4519
494,4469
495,4458
496,10940
497,4548
498,4479
499,4458
500,5069
501,5089
502,4589
503,4478
504,4458
505,10841
506,4609
507,4469
508,4438
509,4839
510,5030
511,4909
512,4478
513,4459
514,4448
515,11121
516,4489
517,4478
518,4478
519,5260
520,5099
521,4508
522,4439
523,4449
524,11071
525,4519
526,4458
527,4439
528,4929
529,5220
530,4529
531,4458
532,4458
533,4459
534,4629
535,4479
536,4479
537,4849
538,5019
539,4719
540,4468
541,4448
542,4449
543,24967
544,4979
545,5099
546,4549
547,4488
548,4458
549,4469
550,4659
551,4459
552,4479
553,4458
554,4979
555,4879
556,4479
557,4479
558,4478
559,11201
560,4479
561,4438
562,4448
563,5010
564,5110
565,4479
566,4459
567,4448
568,11050
569,4508
570,4458
571,4469
572,4859
573,5149
574,4569
575,4468
576,4468
577,4469
578,4629
579,4469
580,4459
581,4649
582,4950
583,4679
584,4458
585,4439
586,4458
587,11141
588,4478
589,4448
590,4449
591,5100
592,5070
593,4509
594,4459
595,4478
596,11040
597,4528
598,4478
599,4459
600,5060
601,5200
602,4579
603,4479
604,4458
605,11031
606,4599
607,4478
608,4468
609,4899
610,5010
611,4738
612,4478
613,4468
614,4469
615,21531
616,4458
617,5260
618,5060
619,4479
620,4448
621,4448
622,11312
623,4519
624,4478
625,4468
626,5020
627,5000
628,4558
629,4469
630,4449
631,11011
632,4569
633,4468
634,4458
635,4919
636,5000
637,4729
638,4468
639,4468
640,4479
641,4689
642,4478
643,4469
644,4469
645,4999
646,4919
647,4469
648,4458
649,4458
650,11101
651,4478
652,4449
653,4459
654,5180
655,5220
656,4519
657,4449
658,4468
659,11061
660,4529
661,4468
662,4468
663,5080
664,5150
665,4559
666,4479
667,4459
668,11011
669,4579
670,4468
671,4468
672,4629
673,5049
674,4769
675,4459
676,4448
677,4458
678,11060
679,4478
680,4469
681,4469
682,5310
683,5179
684,4488
685,4459
686,4469
687,11141
688,4499
689,4448
690,4458
691,19176
692,4699
693,4449
694,11061
695,4499
696,4469
697,4448
698,5290
699,5070
700,4529
701,4468
702,4458
703,11031
704,4538
705,4479
706,4469
707,5039
708,5290
709,4569
710,4469
711,4468
712,4458
713,4618
714,4478
715,4459
716,4849
717,4979
718,4779
719,4469
720,4468
721,4468
722,11081
723,4478
724,4468
725,4459
726,5370
727,5039
728,4499
729,4459
730,4468
731,11081
732,4509
733,4458
734,4468
735,5170
736,5089
737,4518
738,4479
739,4459
740,10951
741,4549
742,4458
743,4458
744,4940
745,5030
746,4549
747,4479
748,4478
749,4468
750,4668
751,4468
752,4468
753,4469
754,4990
755,4950
756,4468
757,4458
758,4469
759,20068
760,4549
761,4950
762,5030
763,4588
764,4488
765,4479
766,4479
767,4678
768,4478
769,4458
770,4859
771,5009
772,4789
773,4439
774,4449
775,4468
776,11201
777,4478
778,4448
779,4459
780,5380
781,5039
782,4478
783,4458
784,4479
785,11031
786,4519
787,4438
788,4448
789,5130
790,5229
791,4538
792,4448
793,4449
794,10911
795,4579
796,4468
797,4448
798,4899
799,5090
800,4578
801,4468
802,4459
803,4459
804,4669
805,4469
806,4479
807,4468
808,4960
809,5000
810,4468
811,4458
812,4459
813,11101
814,4489
815,4459
816,4458
817,5219
818,5090
819,4518
820,4468
821,4458
822,11011
823,4539
824,4459
825,4448
826,5059
827,5089
828,4579
829,4458
830,4468
831,4469
832,4599
833,4469
834,4468
835,4458
836,4969
837,4939
838,4489
839,4468
840,25979
841,4629
842,4779
843,5139
844,4599
845,4478
846,4478
847,4469
848,4679
849,4478
850,4469
851,4468
852,5040
853,5010
854,4478
855,4438
856,4459
857,11091
858,4479
859,4458
860,4458
861,5220
862,5009
863,4489
864,4449
865,4458
866,11010
867,4528
868,4459
869,4459
870,4889
871,5239
872,4548
873,4458
874,4469
875,4458
876,4619
877,4468
878,4458
879,4459
880,4969
881,4879
882,4469
883,4468
884,4458
885,11041
886,4489
887,4438
888,4448
889,5210
890,5139
891,4508
892,4458
893,4449
894,10550
895,4539
896,4458
897,4458
898,4970
899,5040
900,4588
901,4479
902,4459
903,4458
904,4649
905,4478
906,4468
907,4469
908,4949
909,4859
910,4468
911,4448
912,4469
913,20218
914,4558
915,4899
916,5010
917,4598
918,4468
919,4459
920,4468
921,4679
922,4478
923,4469
924,4458
925,4979
926,4849
927,4469
928,4458
929,4469
930,11111
931,4488
932,4469
933,4468
934,5240
935,5180
936,4499
937,4468
938,4458
939,11121
940,4528
941,4468
942,4469
943,5120
944,5220
945,4549
946,4468
947,4458
948,11001
949,4578
950,4458
951,4459
952,4869
953,5029
954,4759
955,4459
956,4468
957,4468
958,4668
959,4468
960,4459
961,4459
962,4959
963,5020
964,4499
965,4458
966,4458
967,11081
968,4518
969,4449
970,4468
971,5149
972,5140
973,4518
974,4448
975,4459
976,10981
977,4579
978,4459
979,4468
980,4979
981,5060
982,4588
983,4458
984,4479
985,4458
986,4679
987,4459
988,18705
989,4980
990,4519
991,4448
992,4439
993,4439
994,4428
995,4429
996,11301
997,4598
998,4448
999,4439
1000,4448
1001,4448
1002,4439
1003,4448
1004,4438
1005,4439
1006,10660
1007,4479
1008,4438
1009,4448
1010,4449
1011,4448
1012,4458
1013,4449
1014,4438
1015,4448
1016,4609
1017,4458
1018,4448
1019,4459
1020,4448
1021,4448
1022,4449
1023,4448
1024,4448
1025,10470
1026,4529
1027,4469
1028,4468
1029,4468
1030,4459
1031,4458
1032,4458
1033,4459
1034,4458
1035,10540
1036,4478
1037,4448
1038,4469
1039,4469
1040,4458
1041,4449
1042,4459
1043,4448
1044,4448
1045,4659
1046,4458
1047,4449
1048,4448
1049,4438
1050,4429
1051,4438
1052,4429
1053,4428
1054,29034
1055,4759
1056,4459
1057,4468
1058,4428
1059,4439
1060,11261
1061,4568
1062,4448
1063,4469
1064,4458
1065,4438
1066,4449
1067,4438
1068,4438
1069,4449
1070,10800
1071,4488
1072,4459
1073,4458
1074,4468
1075,4469
1076,4458
1077,4458
1078,4459
1079,4468
1080,4619
1081,4449
1082,4438
1083,4458
1084,4469
1085,4448
1086,4448
1087,4449
1088,4448
1089,10620
1090,4539
1091,4438
1092,4448
1093,4449
1094,4458
1095,4458
1096,4449
1097,4448
1098,4448
1099,10831
1100,4478
1101,4438
1102,4449
1103,4468
1104,4448
1105,4459
1106,4448
1107,4458
1108,4449
1109,4669
1110,4468
1111,4448
1112,4469
1113,4448
1114,4468
1115,4469
1116,4458
1117,4458
1118,10590
1119,4548
1120,4438
1121,4419
1122,4448
1123,4439
1124,4438
1125,4438
1126,4439
1127,4438
1128,10750
1129,4489
1130,4458
1131,4468
1132,4449
1133,19116
1134,4709
1135,10369
1136,4518
1137,4469
1138,4469
1139,4488
1140,4468
1141,4479
1142,4479
1143,4468
1144,4479
1145,4669
1146,4478
1147,4488
1148,4489
1149,4468
1150,4478
1151,4469
1152,4479
1153,4478
1154,10369
1155,4569
1156,4469
1157,4458
1158,4468
1159,4459
1160,4469
1161,4458
1162,4449
1163,4459
1164,10680
1165,4499
1166,4448
1167,4458
1168,4479
1169,4469
1170,4468
1171,4458
1172,4469
1173,4468
1174,4669
1175,4479
1176,4449
1177,4458
1178,4459
1179,4459
1180,4458
1181,4448
1182,4459
1183,10680
1184,4559
1185,4439
1186,4428
1187,4449
1188,4439
1189,4438
1190,4438
1191,4429
1192,4428
1193,10791
1194,4479
1195,4448
1196,4449
1197,4449
1198,4458
1199,4469
1200,4449
1201,4448
1202,4458
1203,4839
1204,4468
1205,4438
1206,4449
1207,4438
1208,4438
1209,4449
1210,10870
1211,4589
1212,4438
1213,4449
1214,4449
1215,4438
1216,4449
1217,4449
1218,4438
1219,4449
1220,10790
1221,4488
1222,4459
1223,4439
1224,4448
1225,4439
1226,4449
1227,4458
1228,4439
1229,4439
1230,4659
1231,4469
1232,4458
1233,4468
1234,4449
1235,4459
1236,4458
1237,4459
1238,4469
1239,10540
1240,4559
1241,4478
1242,4448
1243,4459
1244,4448
1245,4458
1246,4459
1247,4458
1248,4458
1249,10781
1250,4499
1251,4458
1252,4468
1253,4469
1254,4458
1255,4458
1256,4459
1257,4448
1258,4458
1259,10540
1260,4448
1261,4459
1262,4468
1263,4478
1264,4459
1265,4458
1266,4458
1267,4459
1268,10610
1269,4579
1270,4459
1271,4448
1272,4458
1273,4449
1274,4468
1275,4448
1276,4449
1277,4458
1278,10740
1279,4399
1280,4328
1281,4298
1282,4319
1283,4318
1284,4318
1285,4309
1286,4308
1287,4308
1288,15960
1289,4388
1290,4298
1291,4308
1292,4318
1293,4308
1294,4288
1295,4298
1296,4298
1297,10180
1298,4368
1299,4318
1300,4298
1301,4308
1302,4318
1303,4308
1304,4308
1305,4308
1306,4298
1307,10450
1308,4368
1309,4318
1310,4308
1311,4308
1312,4308
1313,4308
1314,4308
1315,4298
1316,4308
1317,10430
1318,4368
1319,4308
1320,4298
1321,4318
1322,4308
1323,4318
1324,4318
1325,4318
1326,4308
1327,10430
1328,4378
1329,4288
1330,4308
1331,4308
1332,4388
1333,4298
1334,4308
1335,4308
1336,4298
1337,10269
1338,4368
1339,4298
1340,4298
1341,4308
1342,4298
1343,4298
1344,4308
1345,4298
1346,4308
1347,10309
1348,4379
1349,4298
1350,4308
1351,4308
1352,4298
1353,4298
1354,4298
1355,4308
1356,4308
1357,10480
1358,4388
1359,4288
1360,4298
1361,4288
1362,4288
1363,4278
1364,4288
1365,4288
1366,4288
1367,18715
1368,4578
1369,4299
1370,4298
1371,4298
1372,4278
1373,4288
1374,4278
1375,4288
1376,10100
1377,4328
1378,4288
1379,4319
1380,4298
1381,4308
1382,4309
1383,4298
1384,4298
1385,4308
1386,10640
1387,4338
1388,4298
1389,4298
1390,4308
1391,4308
1392,4308
1393,4298
1394,4298
1395,4308
1396,10580
1397,4338
1398,4308
1399,4308
1400,4308
1401,4319
1402,4318
1403,4318
1404,4308
1405,4298
1406,10620
1407,4339
1408,4288
1409,4298
1410,4299
1411,4408
1412,4318
1413,4308
1414,4298
1415,4308
1416,10550
1417,4358
1418,4298
1419,4308
1420,4298
1421,4318
1422,4318
1423,4318
1424,4318
1425,4308
1426,10430
1427,4328
1428,4298
1429,4319
1430,4298
1431,4298
1432,4309
1433,4308
1434,4308
1435,4309
1436,10449
1437,4328
1438,4288
1439,4309
1440,4288
1441,4298
1442,4298
1443,4298
1444,4298
1445,4138
1446,9668
1447,3938
1448,3897
1449,3897
1450,4950
1451,3978
1452,3887
1453,3897
1454,3878
1455,4048
1456,3907
1457,3897
1458,3898
1459,3897
1460,3897
1461,3898
1462,3897
1463,3897
1464,3908
1465,3897
1466,9498
1467,3917
1468,3888
1469,3897
1470,3887
1471,3888
1472,3887
1473,3877
1474,3888
1475,3897
1476,3887
1477,9608
1478,3908
1479,3867
1480,3897
1481,3888
1482,3887
1483,3897
1484,3888
1485,3887
1486,3897
1487,3898
1488,9638
1489,3937
1490,3898
1491,3887
1492,3897
1493,3888
1494,3897
1495,3897
1496,3898
1497,3887
1498,3897
1499,9598
1500,3958
1501,3877
1502,3888
1503,3877
1504,3877
1505,3897
1506,3888
1507,3877
1508,3867
1509,3878
1510,9447
1511,3997
1512,3887
1513,3888
1514,3887
1515,3887
1516,3888
1517,3887
1518,3877
1519,3878
1520,3877
1521,3877
1522,4078
1523,3918
1524,3897
1525,3897
1526,3898
1527,3887
1528,3897
1529,3898
1530,3898
1531,3887
1532,3887
1533,17804
1534,3968
1535,3877
1536,3887
1537,3888
1538,3897
1539,3887
1540,3878
1541,3877
1542,9718
1543,3998
1544,3887
1545,3888
1546,3878
1547,3867
1548,3887
1549,3888
1550,3887
1551,3887
1552,3888
1553,3877
1554,4058
1555,3907
1556,3887
1557,3888
1558,3887
1559,3877
1560,3878
1561,3877
1562,3947
1563,3888
1564,3887
1565,4068
1566,3897
1567,3888
1568,3887
1569,3887
1570,3878
1571,3887
1572,3897
1573,3888
1574,3897
1575,3897
1576,9568
1577,3918
1578,3887
1579,3897
1580,3888
1581,3887
1582,3887
1583,3888
1584,3887
1585,3897
1586,3898
1587,9688
1588,3917
1589,3888
1590,3897
1591,3897
1592,3898
1593,3897
1594,3887
1595,3888
1596,3897
1597,3887
1598,9598
1599,3948
1600,3887
1601,3888
1602,3907
1603,3897
1604,3898
1605,3887
1606,3897
1607,3878
1608,3897
1609,9508
1610,3977
1611,3888
1612,3877
1613,3897
1614,3898
1615,3897
1616,3887
1617,3898
1618,3887
1619,3887
1620,3888
1621,4037
1622,3908
1623,3897
1624,3897
1625,3898
1626,3897
1627,3907
1628,3898
1629,12633
1630,8296
1631,3546
1632,3507
1633,3506
1634,3497
1635,3507
1636,3506
1637,3497
1638,3506
1639,3507
1640,3507
1641,3506
1642,3507
1643,3637
1644,3506
1645,3497
1646,3497
1647,3496
1648,3507
1649,3506
1650,3507
1651,3507
1652,3507
1653,3497
1654,3576
1655,8857
1656,3526
1657,3497
1658,3496
1659,3497
1660,3567
1661,3497
1662,3497
1663,3506
1664,3507
1665,3496
1666,3507
1667,3507
1668,3637
1669,3517
1670,3497
1671,3506
1672,3497
1673,3506
1674,3507
1675,3507
1676,3506
1677,3507
1678,3507
1679,3507
1680,8817
1681,3556
1682,3497
1683,3506
1684,3507
1685,3497
1686,3496
1687,3507
1688,3496
1689,3507
1690,3507
1691,3506
1692,3497
1693,3657
1694,3517
1695,3497
1696,3506
1697,3507
1698,3496
1699,3507
1700,3507
1701,3497
1702,3507
1703,3506
1704,3507
1705,8966
1706,3527
1707,3506
1708,3497
1709,3516
1710,3517
1711,3517
1712,3506
1713,3507
1714,3506
1715,3517
1716,3507
1717,8686
1718,3617
1719,3516
1720,3497
1721,3506
1722,3497
1723,3507
1724,3496
1725,3497
1726,3547
1727,3497
1728,3507
1729,3496
1730,15409
1731,3557
1732,3486
1733,3486
1734,3497
1735,3486
1736,3487
1737,3487
1738,3486
1739,3487
1740,3487
1741,9007
1742,3536
1743,3467
1744,3477
1745,3496
1746,3487
1747,3497
1748,3486
1749,3487
1750,3476
1751,3497
1752,3477
1753,3496
1754,3647
1755,3506
1756,3487
1757,3567
1758,3496
1759,3497
1760,3506
1761,3497
1762,3497
1763,3496
1764,3487
1765,3487
1766,8776
1767,3547
1768,3496
1769,3487
1770,3487
1771,3496
1772,3487
1773,3497
1774,3496
1775,3497
1776,3496
1777,3487
1778,3487
1779,3637
1780,3517
1781,3497
1782,3506
1783,3497
1784,3487
1785,3496
1786,3497
1787,3496
1788,3507
1789,3497
1790,3486
1791,8867
1792,3576
1793,3497
1794,3486
1795,3486
1796,3477
1797,3486
1798,3486
1799,3477
1800,3476
1801,3497
1802,3487
1803,3486
1804,8827
1805,3497
1806,3496
1807,3517
1808,3496
1809,3497
1810,3487
1811,3486
1812,3497
1813,3497
1814,3496
1815,3497
1816,8846
1817,3567
1818,3506
1819,3497
1820,3497
1821,3496
1822,3487
1823,3486
1824,3266
1825,3156
1826,3156
1827,3146
1828,3156
1829,8165
1830,11492
1831,3277
1832,32461
1833,6142
1834,4218
1835,3977
1836,11582
1837,4048
1838,3958
1839,3957
1840,3968
1841,3957
1842,3958
1843,3957
1844,3947
1845,3947
1846,3947
1847,10110
1848,3967
1849,3958
1850,3947
1851,3948
1852,3947
1853,3938
1854,3947
1855,3948
1856,3957
1857,3948
1858,4128
1859,3967
1860,3937
1861,3948
1862,3947
1863,3948
1864,3947
1865,3958
1866,3957
1867,3958
1868,9768
1869,4078
1870,3958
1871,3947
1872,3948
1873,3937
1874,3938
1875,3927
1876,3948
1877,3937
1878,3948
1879,9808
1880,4068
1881,3978
1882,3957
1883,3958
1884,3947
1885,3958
1886,3957
1887,3948
1888,3947
1889,3958
1890,9888
1891,4047
1892,3978
1893,3967
1894,3958
1895,3947
1896,3957
1897,3958
1898,3957
1899,3948
1900,3967
1901,9929
1902,4028
1903,3967
1904,3948
1905,3957
1906,3948
1907,3967
1908,3957
1909,3948
1910,3947
1911,3958
1912,25738
1913,4158
1914,3978
1915,3937
1916,3938
1917,3937
1918,3938
1919,3947
1920,10480
1921,3978
1922,3947
1923,3958
1924,3957
1925,3948
1926,3957
1927,3947
1928,3947
1929,3947
1930,3948
1931,4127
1932,3977
1933,3958
1934,3957
1935,3958
1936,3957
1937,3968
1938,3967
1939,3958
1940,3957
1941,9819
1942,4048
1943,3967
1944,3948
1945,3947
1946,3958
1947,3947
1948,3958
1949,3947
1950,3948
1951,3957
1952,9878
1953,4048
1954,3977
1955,3947
1956,3958
1957,3937
1958,3948
1959,3957
1960,3958
1961,3947
1962,3958
1963,9828
1964,4048
1965,3958
1966,3947
1967,3948
1968,3937
1969,3938
1970,3957
1971,3948
1972,3937
1973,3938
1974,9918
1975,4008
1976,3968
1977,3957
1978,3968
1979,3947
1980,3948
1981,3957
1982,3958
1983,3957
1984,3958
1985,10059
1986,3998
1987,3957
1988,3958
1989,3957
1990,4008
1991,3947
1992,3948
1993,3947
1994,3958
1995,3947
1996,9969
1997,3978
1998,14738
1999,3987
2000,3928
2001,3947
2002,3417
2003,3166
2004,3166
2005,8035
2006,3015
2007,2935
2008,2935
2009,2935
2010,2926
2011,2936
2012,2926
2013,2926
2014,2936
2015,2926
2016,2926
2017,2926
2018,2925
2019,2925
2020,7905
2021,2986
2022,2936
2023,2926
2024,2936
2025,2935
2026,2935
2027,2935
2028,2935
2029,2935
2030,2935
2031,2936
2032,2936
2033,2936
2034,2926
2035,8106
2036,2976
2037,2926
2038,2936
2039,2926
2040,2925
2041,2935
2042,2945
2043,2935
2044,2935
2045,2935
2046,2925
2047,2926
2048,2936
2049,2926
2050,7905
2051,2965
2052,2935
2053,2935
2054,2936
2055,2936
2056,2936
2057,2936
2058,2936
2059,2936
2060,2936
2061,2926
2062,2925
2063,2935
2064,2935
2065,7905
2066,2966
2067,2936
2068,2916
2069,2935
2070,2925
2071,2925
2072,2935
2073,2925
2074,2935
2075,2935
2076,2935
2077,2926
2078,2936
2079,2926
2080,7925
2081,2935
2082,2925
2083,2935
2084,2925
2085,2925
2086,2936
2087,2936
2088,2936
2089,2926
2090,2926
2091,2926
2092,2926
2093,2926
2094,2926
2095,7945
2096,2956
2097,2926
2098,2926
2099,2916
2100,2926
2101,2926
2102,2926
2103,2926
2104,2925
2105,2935
2106,2935
2107,2925
2108,2925
2109,2925
2110,14447
2111,3005
2112,2935
2113,2926
2114,2916
2115,2926
2116,2936
2117,2926
2118,2936
2119,2936
2120,2926
2121,2936
2122,2935
2123,7945
2124,2986
2125,2936
2126,2936
2127,2935
2128,2925
2129,2935
2130,2925
2131,2925
2132,2925
2133,2935
2134,2936
2135,2936
2136,2926
2137,2936
2138,7885
2139,2985
2140,2935
2141,2935
2142,2946
2143,2936
2144,2936
2145,2936
2146,2926
2147,2936
2148,2936
2149,2935
2150,2925
2151,2945
2152,2925
2153,7915
2154,2966
2155,2936
2156,2926
2157,2945
2158,2935
2159,2925
2160,2935
2161,2925
2162,2925
2163,2935
2164,2936
2165,2936
2166,2926
2167,2926
2168,8045
2169,2976
2170,2936
2171,2936
2172,2936
2173,2936
2174,2936
2175,2935
2176,2925
2177,2925
2178,2935
2179,2925
2180,2935
2181,2935
2182,2935
2183,7935
2184,2955
2185,2935
2186,2935
2187,2935
2188,2925
2189,2935
2190,2926
2191,2926
2192,2936
2193,2926
2194,2916
2195,2926
2196,2926
2197,2936
2198,7935
2199,2946
2200,2926
2201,2936
2202,2926
2203,2936
2204,2946
2205,2926
2206,2936
2207,2936
2208,2935
2209,2935
2210,2925
2211,2935
2212,2935
2213,7955
2214,2945
2215,2925
2216,2925
2217,2935
2218,2925
2219,2935
2220,2935
2221,2926
2222,2936
2223,2936
2224,2926
2225,2936
2226,2926
2227,2936
2228,7985
2229,2946
2230,2936
2231,2926
2232,2926
2233,2936
2234,2936
2235,2926
2236,2926
2237,12653
2238,2986
2239,2926
2240,8146
2241,2966
2242,2936
2243,2936
2244,2935
2245,2925
2246,2955
2247,2935
2248,2935
2249,2936
2250,2936
2251,2936
2252,2936
2253,2936
2254,2926
2255,7895
2256,2965
2257,2946
2258,2926
2259,2926
2260,2936
2261,2936
2262,2926
2263,2926
2264,2936
2265,2935
2266,2925
2267,2935
2268,2925
2269,2925
2270,7975
2271,2966
2272,2935
2273,2925
2274,2935
2275,2925
2276,2935
2277,2925
2278,2936
2279,2926
2280,2936
2281,2936
2282,2936
2283,2936
2284,2926
2285,7935
2286,2945
2287,2926
2288,2926
2289,2936
2290,2936
2291,2936
2292,2926
2293,2916
2294,2936
2295,2936
2296,2925
2297,2935
2298,2925
2299,2925
2300,8165
2301,2955
2302,2925
2303,2935
2304,2936
2305,2936
2306,2936
2307,2926
2308,2926
2309,2936
2310,2926
2311,2936
2312,2935
2313,2935
2314,2935
2315,3056
2316,2936
2317,2936
2318,2936
2319,2946
2320,2936
2321,2935
2322,2935
2323,2935
2324,2935
2325,2935
2326,2935
2327,2935
2328,2936
2329,2946
2330,3076
2331,2955
2332,2935
2333,2935
2334,2946
2335,2936
2336,2946
2337,2936
2338,2936
2339,2936
2340,2936
2341,2946
2342,2945
2343,2945
2344,2945
2345,3046
2346,2945
2347,2935
2348,2935
2349,2935
2350,2945
2351,2945
2352,2946
2353,2936
2354,2936
2355,2936
2356,2936
2357,2936
2358,2936
2359,2945
2360,3206
2361,2925
2362,2925
2363,2926
2364,2936
2365,2936
2366,2996
2367,2926
2368,2926
2369,2925
2370,2925
2371,2925
2372,2935
2373,3035
2374,2945
2375,2935
2376,2936
2377,2926
2378,2926
2379,2936
2380,2926
2381,2926
2382,2926
2383,2926
2384,2926
2385,2926
2386,2925
2387,7925
2388,3026
2389,2946
2390,2925
2391,2925
2392,2915
2393,2915
2394,2925
2395,2925
2396,2925
2397,2925
2398,2925
2399,2926
2400,2926
2401,2926
2402,7955
2403,3005
2404,2946
2405,2936
2406,2926
2407,2926
2408,2926
2409,2926
2410,2936
2411,2926
2412,2925
2413,2925
2414,2925
2415,2995
2416,2925
2417,7875
2418,3006
2419,2955
2420,2935
2421,2925
2422,2915
2423,2925
2424,2925
2425,2936
2426,2926
2427,2936
2428,2926
2429,2936
2430,2926
2431,2926
2432,7875
2433,2986
2434,2936
2435,2926
2436,2926
2437,2926
2438,2926
2439,2926
2440,2916
2441,2926
2442,2925
2443,2915
2444,2915
2445,2925
2446,2925
2447,7915
2448,2966
2449,2936
2450,2936
2451,2935
2452,2925
2453,2925
2454,2925
2455,2925
2456,2925
2457,2935
2458,2925
2459,2936
2460,2926
2461,2926
2462,7825
2463,2985
2464,2945
2465,2935
2466,2935
2467,2925
2468,2926
2469,2936
2470,2926
2471,2926
2472,2936
2473,2936
2474,2926
2475,2936
2476,2925
2477,15078
2478,3025
2479,2935
2480,2926
2481,2946
2482,2936
2483,2926
2484,2936
2485,2936
2486,2925
2487,2945
2488,2935
2489,2935
2490,8095
2491,2975
2492,2945
2493,2935
2494,2986
2495,2936
2496,2926
2497,2936
2498,2926
2499,2916
2500,2936
2501,2926
2502,2925
2503,2925
2504,2935
2505,8025
2506,2976
2507,2925
2508,2925
2509,2925
2510,2935
2511,2925
2512,2935
2513,2925
2514,2926
2515,2926
2516,2936
2517,2926
2518,2936
2519,2926
2520,8035
2521,2956
2522,2936
2523,2926
2524,2936
2525,2936
2526,2926
2527,2926
2528,2936
2529,2925
2530,2925
2531,2925
2532,2925
2533,2925
2534,2935
2535,8055
2536,2965
2537,2925
2538,2925
2539,2925
2540,2925
2541,2936
2542,2936
2543,2926
2544,2936
2545,2936
2546,2926
2547,2926
2548,2926
2549,2926
2550,7995
2551,2946
2552,2936
2553,2936
2554,2946
2555,2935
2556,2935
2557,2945
2558,2935
2559,2945
2560,2935
2561,2936
2562,2936
2563,2936
2564,2936
2565,7995
2566,2945
2567,2926
2568,2926
2569,2936
2570,2926
2571,2926
2572,2926
2573,2926
2574,2936
2575,2926
2576,2925
2577,2925
2578,2925
2579,2925
2580,8045
2581,2936
2582,2925
2583,2935
2584,2935
2585,2925
2586,2935
2587,2925
2588,2925
2589,2935
2590,2935
2591,2925
2592,2936
2593,2926
2594,2926
2595,3236
2596,2955
2597,2925
2598,2925
2599,2925
2600,2925
2601,2925
2602,2925
2603,2925
2604,2925
2605,2935
2606,2925
2607,2925
2608,8195
2609,2975
2610,2996
2611,2936
2612,2926
2613,2926
2614,2936
2615,2926
2616,2926
2617,2936
2618,2936
2619,2936
2620,2936
2621,2936
2622,2926
2623,7976
2624,2956
2625,2936
2626,2936
2627,2926
2628,2936
2629,2926
2630,2936
2631,2926
2632,2926
2633,2936
2634,2936
2635,2936
2636,2936
2637,2936
2638,8025
2639,2946
2640,2926
2641,2936
2642,2916
2643,2926
2644,2926
2645,2926
2646,2926
2647,2926
2648,2936
2649,2926
2650,2936
2651,2925
2652,2925
2653,7905
2654,2976
2655,2936
2656,2926
2657,2926
2658,2926
2659,2936
2660,2936
2661,2926
2662,2916
2663,2926
2664,2926
2665,2926
2666,2926
2667,2926
2668,7835
2669,2965
2670,2925
2671,2935
2672,2925
2673,2925
2674,2935
2675,2935
2676,2925
2677,2915
2678,2926
2679,2916
2680,2916
2681,2926
2682,2926
2683,8025
2684,2965
2685,2925
2686,2925
2687,2915
2688,2935
2689,2925
2690,2925
2691,2925
2692,2925
2693,2925
2694,2926
2695,2916
2696,2926
2697,2926
2698,8115
2699,2986
2700,2926
2701,2916
2702,2926
2703,2916
2704,2926
2705,2926
2706,2926
2707,2926
2708,2926
2709,2926
2710,2926
2711,2926
2712,2926
2713,7885
2714,2995
2715,2945
2716,2915
2717,2915
2718,2925
2719,11542
2720,2956
2721,2936
2722,2936
2723,2936
2724,2926
2725,2936
2726,7985
2727,2966
2728,2946
2729,2936
2730,2916
2731,2996
2732,2936
2733,2936
2734,2936
2735,2936
2736,2936
2737,2935
2738,2935
2739,2925
2740,2935
2741,7985
2742,2956
2743,2936
2744,2926
2745,2936
2746,2926
2747,2936
2748,2926
2749,2926
2750,2935
2751,2935
2752,2935
2753,2935
2754,2935
2755,2925
2756,8025
2757,2966
2758,2936
2759,2936
2760,2935
2761,2935
2762,2925
2763,2935
2764,2925
2765,2925
2766,2925
2767,2925
2768,2935
2769,2935
2770,2935
2771,8015
2772,2955
2773,2925
2774,2935
2775,2935
2776,2935
2777,2935
2778,2935
2779,2935
2780,2935
2781,2945
2782,2935
2783,2936
2784,2946
2785,2936
2786,8186
2787,2946
2788,2936
2789,2936
2790,2936
2791,2936
2792,2936
2793,2936
2794,2936
2795,2936
2796,2936
2797,2945
2798,2935
2799,2935
2800,2935
2801,8045
2802,2956
2803,2926
2804,2936
2805,2925
2806,2935
2807,2935
2808,2935
2809,2935
2810,2935
2811,2925
2812,2925
2813,2935
2814,2945
2815,2935
2816,7905
2817,2946
2818,2936
2819,2936
2820,2976
2821,2935
2822,2935
2823,2935
2824,2935
2825,2935
2826,2935
2827,2935
2828,2945
2829,2935
2830,2945
2831,13576
2832,2946
2833,2926
2834,2926
2835,2926
2836,2936
2837,2926
2838,2926
2839,2926
2840,2926
2841,2916
2842,2926
2843,2926
2844,7955
2845,3006
2846,2926
2847,2926
2848,2926
2849,2926
2850,2926
2851,2936
2852,2926
2853,2926
2854,2926
2855,2916
2856,2916
2857,2926
2858,2926
2859,7945
2860,3026
2861,2936
2862,2926
2863,2916
2864,2936
2865,2926
2866,2926
2867,2936
2868,2926
2869,2926
2870,2926
2871,2926
2872,2926
2873,2926
2874,7965
2875,3016
2876,2946
2877,2926
2878,2926
2879,2926
2880,2926
2881,2926
2882,2926
2883,2926
2884,2926
2885,2926
2886,2926
2887,2926
2888,2916
2889,7845
2890,3025
2891,2945
2892,2935
2893,2925
2894,2916
2895,2926
2896,2926
2897,2926
2898,2926
2899,2926
2900,2926
2901,2926
2902,2926
2903,2916
2904,7895
2905,3025
2906,2935
2907,2925
2908,2936
2909,2915
2910,2926
2911,2926
2912,2926
2913,2996
2914,2926
2915,2926
2916,2926
2917,2926
2918,2926
2919,7725
2920,3016
2921,2935
2922,2925
2923,2925
2924,2925
2925,2935
2926,2925
2927,2925
2928,2935
2929,2935
2930,2925
2931,2925
2932,2925
2933,2925
2934,2925
2935,3035
2936,2935
2937,2925
2938,2935
2939,2935
2940,2925
2941,2925
2942,2925
2943,2926
2944,2926
2945,2926
2946,2926
2947,2926
2948,2926
2949,2916
2950,3056
2951,2945
2952,2935
2953,2935
2954,2925
2955,2935
2956,2935
2957,2935
2958,2935
2959,2925
2960,2936
2961,10780
2962,8055
2963,3015
2964,2935
2965,2915
2966,2925
2967,2936
2968,2916
2969,2926
2970,2926
2971,2936
2972,2916
2973,2926
2974,2926
2975,2926
2976,2926
2977,2926
2978,3035
2979,2935
2980,2925
2981,2925
2982,2936
2983,2936
2984,2926
2985,2926
2986,2926
2987,2926
2988,2926
2989,2926
2990,2936
2991,2926
2992,7715
2993,3036
2994,2935
2995,2925
2996,2915
2997,2925
2998,2925
2999,2925
3000,2925
3001,2925
3002,2915
3003,2925
3004,2915
3005,2915
3006,2925
3007,2915
3008,3046
3009,2946
3010,2926
3011,2936
3012,2926
3013,2916
3014,2936
3015,2936
3016,2936
3017,2926
3018,2926
3019,2926
3020,2925
3021,2925
3022,2925
3023,3065
3024,2946
3025,2926
3026,2936
3027,2936
3028,2936
3029,2936
3030,2946
3031,2936
3032,2936
3033,2936
3034,2936
3035,2936
3036,2936
3037,2936
3038,3096
3039,2946
3040,2936
3041,2936
3042,2936
3043,2926
3044,2936
3045,2936
3046,2926
3047,2946
3048,2935
3049,2925
3050,2935
3051,2925
3052,2935
3053,3065
3054,2946
3055,2996
3056,2946
3057,2936
3058,2936
3059,2936
3060,2926
3061,2936
3062,2946
3063,2936
3064,2935
3065,2935
3066,2925
3067,2935
3068,7925
3069,2956
3070,2936
3071,2946
3072,2926
3073,2926
3074,2936
3075,2926
3076,2936
3077,2936
3078,2936
3079,2935
3080,2935
3081,2935
3082,2935
3083,3176
3084,2946
3085,2936
3086,2926
3087,2926
3088,2926
3089,2926
3090,2926
3091,2926
3092,2936
3093,2926
3094,2926
3095,2996
3096,8106
3097,2996
3098,2926
3099,2926
3100,2926
3101,2926
3102,2916
3103,2916
3104,2926
3105,2916
3106,2916
3107,2916
3108,2926
3109,2926
3110,2926
3111,7785
3112,3005
3113,2935
3114,2915
3115,2925
3116,2925
3117,2925
3118,2925
3119,2925
3120,2915
3121,2915
3122,2925
3123,2925
3124,2925
3125,2915
3126,7775
3127,2976
3128,2926
3129,2916
3130,2926
3131,2916
3132,2926
3133,2926
3134,2916
3135,2916
3136,2916
3137,2916
3138,2916
3139,2926
3140,2916
3141,7925
3142,3025
3143,2946
3144,2926
3145,2926
3146,2926
3147,2936
3148,2926
3149,2926
3150,2926
3151,2926
3152,2916
3153,2926
3154,2916
3155,2926
3156,7775
3157,3026
3158,2936
3159,2925
3160,2925
3161,2915
3162,2935
3163,2925
3164,2925
3165,2925
3166,2925
3167,2925
3168,2925
3169,2925
3170,2925
3171,2925
3172,3026
3173,2936
3174,2926
3175,2926
3176,2926
3177,2926
3178,2936
3179,2936
3180,2936
3181,2936
3182,2926
3183,2926
3184,2926
3185,2936
3186,2926
3187,3056
3188,2946
3189,2936
3190,2936
3191,2936
3192,2926
3193,2936
3194,2936
3195,2936
3196,2936
3197,2936
3198,2926
3199,2926
3200,2936
3201,2925
3202,3066
3203,12704
3204,3035
3205,2925
3206,2935
3207,2926
3208,2936
3209,2926
3210,2926
3211,2926
3212,2926
3213,2916
3214,7995
3215,2975
3216,2925
3217,2935
3218,2935
3219,2935
3220,2935
3221,2925
3222,2925
3223,2936
3224,2926
3225,2926
3226,2936
3227,2926
3228,2926
3229,7955
3230,2965
3231,2945
3232,2935
3233,2935
3234,2935
3235,2936
3236,2926
3237,2926
3238,2936
3239,2936
3240,2936
3241,2936
3242,2936
3243,2936
3244,7945
3245,2976
3246,2946
3247,2936
3248,2936
3249,2936
3250,2936
3251,2936
3252,2936
3253,2926
3254,2936
3255,2936
3256,2936
3257,2936
3258,2936
3259,7905
3260,2965
3261,2936
3262,2946
3263,2936
3264,2936
3265,2946
3266,2926
3267,2936
3268,2936
3269,2926
3270,2926
3271,2946
3272,2936
3273,2936
3274,7945
3275,2956
3276,2926
3277,2926
3278,2926
3279,2936
3280,2936
3281,2926
3282,2936
3283,2926
3284,2926
3285,2926
3286,2936
3287,3006
3288,2936
3289,8045
3290,2966
3291,2936
3292,2936
3293,2936
3294,2936
3295,2936
3296,2935
3297,2925
3298,2925
3299,2935
3300,2935
3301,2935
3302,2935
3303,2935
3304,7975
3305,2976
3306,2926
3307,2936
3308,2935
3309,2935
3310,2935
3311,2935
3312,2935
3313,2935
3314,2935
3315,2935
3316,2935
3317,2945
3318,2945
3319,13536
3320,2986
3321,2936
3322,2936
3323,2936
3324,2926
3325,2926
3326,2926
3327,2926
3328,2926
3329,2926
3330,2926
3331,2925
3332,2925
3333,3046
3334,2936
3335,2926
3336,2926
3337,2926
3338,2925
3339,2935
3340,2925
3341,2925
3342,2925
3343,2925
3344,2915
3345,2925
3346,2925
3347,2925
3348,3066
3349,2956
3350,2926
3351,2936
3352,2935
3353,2925
3354,2935
3355,2935
3356,2925
3357,2935
3358,2935
3359,2935
3360,2935
3361,2925
3362,2935
3363,3046
3364,2956
3365,2926
3366,2936
3367,2925
3368,2925
3369,2935
3370,2935
3371,2935
3372,2935
3373,2925
3374,2935
3375,2935
3376,2935
3377,2925
3378,3046
3379,2935
3380,2925
3381,2935
3382,2935
3383,2925
3384,2935
3385,2935
3386,2935
3387,2935
3388,2935
3389,2936
3390,2936
3391,2936
3392,2926
3393,3056
3394,2945
3395,2935
3396,2935
3397,2935
3398,2925
3399,2925
3400,2925
3401,2925
3402,2935
3403,2925
3404,2925
3405,2935
3406,2925
3407,2925
3408,3056
3409,2946
3410,2936
3411,2946
3412,2935
3413,2935
3414,2945
3415,2925
3416,2935
3417,2935
3418,3005
3419,2935
3420,2935
3421,2936
3422,2936
3423,3066
3424,2946
3425,2926
3426,2936
3427,2925
3428,2925
3429,2925
3430,2925
3431,2935
3432,2935
3433,2935
3434,2935
3435,2935
3436,2935
3437,2935
3438,3076
3439,2945
3440,2925
3441,2935
3442,2925
3443,2925
3444,3005
3445,3006
3446,3106
3447,2946
3448,2926
3449,2936
3450,7935
3451,3005
3452,2935
3453,2925
3454,2936
3455,2926
3456,2926
3457,2936
3458,2926
3459,2926
3460,2936
3461,2926
3462,2926
3463,2936
3464,2926
3465,7935
3466,3015
3467,2935
3468,2925
3469,2925
3470,2926
3471,2926
3472,2936
3473,2926
3474,2926
3475,2926
3476,2926
3477,2926
3478,2926
3479,2926
3480,7955
3481,3015
3482,2945
3483,2925
3484,2925
3485,2925
3486,2925
3487,2936
3488,2926
3489,2926
3490,2926
3491,2926
3492,2936
3493,2926
3494,2926
3495,7755
3496,3016
3497,2945
3498,2925
3499,2935
3500,2925
3501,2925
3502,2935
3503,2925
3504,2925
3505,2925
3506,2925
3507,2925
3508,2925
3509,2925
3510,2925
3511,3036
3512,2946
3513,2926
3514,2936
3515,2925
3516,2925
3517,2935
3518,2935
3519,2925
3520,2935
3521,2925
3522,2925
3523,2925
3524,2935
3525,2925
3526,3066
3527,2946
3528,2946
3529,2936
3530,2935
3531,2925
3532,2935
3533,2935
3534,2935
3535,2935
3536,2935
3537,2935
3538,2935
3539,2925
3540,2935
3541,3066
3542,2946
3543,2936
3544,3016
3545,2935
3546,2935
3547,2925
3548,2935
3549,2935
3550,2935
3551,2935
3552,2925
3553,2945
3554,2935
3555,2935
3556,3136
3557,2936
3558,2926
3559,2916
3560,2916
3561,2906
3562,2916
3563,2906
3564,2916
3565,2916
3566,2916
3567,2916
3568,2926
3569,7935
3570,2986
3571,2926
3572,2926
3573,2926
3574,2916
3575,2926
3576,2926
3577,2926
3578,2926
3579,2926
3580,2916
3581,2926
3582,2926
3583,2926
3584,7925
3585,2995
3586,2925
3587,2935
3588,2935
3589,2915
3590,2935
3591,2925
3592,2925
3593,2925
3594,2925
3595,2915
3596,2925
3597,2926
3598,2926
3599,7925
3600,2996
3601,2925
3602,2925
3603,2925
3604,2925
3605,2935
3606,2925
3607,2915
3608,2925
3609,2925
3610,2925
3611,2925
3612,2925
3613,2935
3614,7925
3615,2996
3616,2936
3617,2935
3618,2935
3619,2925
3620,2925
3621,2925
3622,2925
3623,2925
3624,2925
3625,2925
3626,2935
3627,2935
3628,2935
3629,7875
3630,2986
3631,2926
3632,2926
3633,2916
3634,2926
3635,2926
3636,2926
3637,2926
3638,2926
3639,2926
3640,2916
3641,2926
3642,2936
3643,2926
3644,7785
3645,3005
3646,2945
3647,2935
3648,2935
3649,2925
3650,2926
3651,2926
3652,2936
3653,2996
3654,2936
3655,2926
3656,2926
3657,2926
3658,2936
3659,7865
3660,3015
3661,2935
3662,2935
3663,2925
3664,2926
3665,2926
3666,2926
3667,2926
3668,2936
3669,2926
3670,2926
3671,2926
3672,2926
3673,2926
3674,7935
3675,3026
3676,2936
3677,2926
3678,2926
3679,2916
3680,2926
3681,2926
3682,2926
3683,2926
3684,2936
3685,2926
3686,2926
3687,2926
3688,2926
3689,15109
3690,2986
3691,2926
3692,2926
3693,2926
3694,2926
3695,2935
3696,2925
3697,2935
3698,2935
3699,2935
3700,2935
3701,3005
3702,2925
3703,3045
3704,2946
3705,2936
3706,2936
3707,2926
3708,2916
3709,2926
3710,2926
3711,2926
3712,2936
3713,2926
3714,2926
3715,2936
3716,2926
3717,2926
3718,3036
3719,2936
3720,2936
3721,2936
3722,2936
3723,2936
3724,2936
3725,2936
3726,2936
3727,2936
3728,2935
3729,2935
3730,2925
3731,2935
3732,2925
3733,3036
3734,2936
3735,2936
3736,2936
3737,2935
3738,2925
3739,2925
3740,2925
3741,2925
3742,2925
3743,2925
3744,2925
3745,2925
3746,2935
3747,7734
3748,3036
3749,2936
3750,2926
3751,2996
3752,2926
3753,2936
3754,2926
3755,2926
3756,2926
3757,2925
3758,2925
3759,2925
3760,2925
3761,2925
3762,2925
3763,3066
3764,2946
3765,2926
3766,2936
3767,2936
3768,2936
3769,2936
3770,2926
3771,2936
3772,2936
3773,2936
3774,2936
3775,2936
3776,2936
3777,2935
3778,3056
3779,2956
3780,2936
3781,2936
3782,2926
3783,2936
3784,2936
3785,2936
3786,2936
3787,2936
3788,2926
3789,2936
3790,2935
3791,2935
3792,2935
3793,3046
3794,2946
3795,3006
3796,2925
3797,2925
3798,2925
3799,2935
3800,2935
3801,2935
3802,2935
3803,2925
3804,2935
3805,2935
3806,2935
3807,7795
3808,3026
3809,2946
3810,2925
3811,2925
3812,2925
3813,2915
3814,2925
3815,2925
3816,2935
3817,2925
3818,2915
3819,2925
3820,2925
3821,2925
3822,2925
3823,3066
3824,2956
3825,2936
3826,2926
3827,2926
3828,2936
3829,2936
3830,2936
3831,2936
3832,2945
3833,2935
3834,2925
3835,2935
3836,2935
3837,2935
3838,3046
3839,2946
3840,2936
3841,2936
3842,2926
3843,2926
3844,2926
3845,2926
3846,2926
3847,2926
3848,2936
3849,2925
3850,2935
3851,2935
3852,2925
3853,3076
3854,2956
3855,2936
3856,2946
3857,2936
3858,2936
3859,2936
3860,2936
3861,2936
3862,2936
3863,2935
3864,2945
3865,2935
3866,2935
3867,2935
3868,8025
3869,2946
3870,2936
3871,2936
3872,2925
3873,2935
3874,2945
3875,2935
3876,2995
3877,2945
3878,2935
3879,2935
3880,2935
3881,2926
3882,2926
3883,3076
3884,2956
3885,2925
3886,2945
3887,2935
3888,2935
3889,2925
3890,2935
3891,2925
3892,2925
3893,2925
3894,2935
3895,2935
3896,2935
3897,2935
3898,3126
3899,2945
3900,2925
3901,2935
3902,2925
3903,2925
3904,2935
3905,2925
3906,2915
3907,2935
3908,2925
3909,2935
3910,2925
3911,2925
3912,2925
3913,8045
3914,2935
3915,2935
3916,2935
3917,2925
3918,2925
3919,2935
3920,2935
3921,2925
3922,2996
3923,2926
3924,2926
3925,2926
3926,2926
3927,2936
3928,3076
3929,2945
3930,2925
3931,2945
3932,11201
3933,2986
3934,2916
3935,2926
3936,2936
3937,2945
3938,2945
3939,2945
3940,14627
3941,3096
3942,2946
3943,2946
3944,2945
3945,2935
3946,2935
3947,2945
3948,2935
3949,2945
3950,2935
3951,2935
3952,2936
3953,2946
3954,3106
3955,2976
3956,2945
3957,2955
3958,2945
3959,2955
3960,2955
3961,2955
3962,2956
3963,2946
3964,2946
3965,2946
3966,2946
3967,2956
3968,7775
3969,3045
3970,2946
3971,2946
3972,2936
3973,2946
3974,2946
3975,2946
3976,2956
3977,2956
3978,2945
3979,2945
3980,2945
3981,2935
3982,2945
3983,7905
3984,3026
3985,2955
3986,2945
3987,2935
3988,2935
3989,2935
3990,2935
3991,2935
3992,2935
3993,2946
3994,2936
3995,2946
3996,2946
3997,2936
3998,7915
3999,3036
4000,2956
4001,2946
4002,2946
4003,2946
4004,2936
4005,2946
4006,2946
4007,2946
4008,2936
4009,2945
4010,2935
4011,2945
4012,2935
4013,7975
4014,3016
4015,2955
4016,2945
4017,2945
4018,2935
4019,2935
4020,2935
4021,2945
4022,2946
4023,2946
4024,2946
4025,2936
4026,2946
4027,2946
4028,7985
4029,3016
4030,2946
4031,2936
4032,2936
4033,2936
4034,2946
4035,2936
4036,2936
4037,2936
4038,2945
4039,2935
4040,2945
4041,2945
4042,2935
4043,13024
4044,3056
4045,2956
4046,2936
4047,2946
4048,2936
4049,2936
4050,2945
4051,2945
4052,2945
4053,2945
4054,2935
4055,2935
4056,2945
4057,8115
4058,2955
4059,2955
4060,2955
4061,2946
4062,2946
4063,2956
4064,2946
4065,2946
4066,2946
4067,2946
4068,2946
4069,2945
4070,2955
4071,2955
4072,8045
4073,2955
4074,2945
4075,2955
4076,2955
4077,2955
4078,2955
4079,2946
4080,2936
4081,2956
4082,2946
4083,2946
4084,2946
4085,2946
4086,2946
4087,3126
4088,2946
4089,2926
4090,2946
4091,2946
4092,2945
4093,2945
4094,2935
4095,2945
4096,2945
4097,2935
4098,2935
4099,2945
4100,2936
4101,2946
4102,3075
4103,2966
4104,2936
4105,2956
4106,2946
4107,2956
4108,2956
4109,2946
4110,2946
4111,2946
4112,2945
4113,2945
4114,2945
4115,2945
4116,2935
4117,3086
4118,2965
4119,2945
4120,2945
4121,2935
4122,2935
4123,2956
4124,2946
4125,2956
4126,2946
4127,2946
4128,2946
4129,2946
4130,2945
4131,8085
4132,3036
4133,2985
4134,2945
4135,2945
4136,2945
4137,2946
4138,2946
4139,2936
4140,2946
4141,2946
4142,2946
4143,2946
4144,2946
4145,2946
4146,7894
4147,3026
4148,2946
4149,2946
4150,2936
4151,2946
4152,2936
4153,2946
4154,2945
4155,2945
4156,2945
4157,2935
4158,2935
4159,2945
4160,2935
4161,7995
4162,3025
4163,2945
4164,2945
4165,2935
4166,2935
4167,2946
4168,2936
4169,2936
4170,2946
4171,2946
4172,10911
4173,2976
4174,8747
4175,2985
4176,2955
4177,2955
4178,2955
4179,2945
4180,2945
4181,2946
4182,2946
4183,2946
4184,2956
4185,2936
4186,2946
4187,2946
4188,2936
4189,7875
4190,2965
4191,2946
4192,2956
4193,2956
4194,2946
4195,2946
4196,2946
4197,2946
4198,2946
4199,2946
4200,2945
4201,2955
4202,2955
4203,2945
4204,7995
4205,2976
4206,2955
4207,2965
4208,2955
4209,2945
4210,2945
4211,2945
4212,2946
4213,2946
4214,2956
4215,2956
4216,2956
4217,2956
4218,2946
4219,3126
4220,2956
4221,2936
4222,2955
4223,2945
4224,2945
4225,2955
4226,2945
4227,2945
4228,2946
4229,2946
4230,2956
4231,2956
4232,2956
4233,2946
4234,3065
4235,2966
4236,2946
4237,2946
4238,2956
4239,2956
4240,2956
4241,2946
4242,2945
4243,2945
4244,2945
4245,2955
4246,2945
4247,2956
4248,2946
4249,3075
4250,2956
4251,2936
4252,2946
4253,2946
4254,2956
4255,2946
4256,2956
4257,2936
4258,2945
4259,2945
4260,2945
4261,2955
4262,2945
4263,7785
4264,3026
4265,2956
4266,2935
4267,2945
4268,2945
4269,2955
4270,2945
4271,2945
4272,2945
4273,2945
4274,2936
4275,2936
4276,2946
4277,2946
4278,7825
4279,3025
4280,2945
4281,2945
4282,2935
4283,2935
4284,2935
4285,2946
4286,2946
4287,2936
4288,2946
4289,2936
4290,2936
4291,2936
4292,2936
4293,12504
4294,3065
4295,2946
4296,2946
4297,2936
4298,2946
4299,2946
4300,2936
4301,2946
4302,2936
4303,2946
4304,2946
4305,2935
4306,2945
4307,8105
4308,2996
4309,2965
4310,2945
4311,2945
4312,2945
4313,2945
4314,2946
4315,2956
4316,2946
4317,2956
4318,2946
4319,2936
4320,2946
4321,2946
4322,7935
4323,2986
4324,2956
4325,2946
4326,2936
4327,2946
4328,2946
4329,2945
4330,2945
4331,2945
4332,2955
4333,2955
4334,2945
4335,2945
4336,2946
4337,8065
4338,2985
4339,2956
4340,2966
4341,2936
4342,2946
4343,2946
4344,2946
4345,2936
4346,2956
4347,2945
4348,2955
4349,2945
4350,3025
4351,2956
4352,8025
4353,2965
4354,2945
4355,2945
4356,2945
4357,2946
4358,2946
4359,2936
4360,2946
4361,2946
4362,2946
4363,2946
4364,2946
4365,2945
4366,2945
4367,7424
4368,2956
4369,2946
4370,2956
4371,2946
4372,2945
4373,2945
4374,2945
4375,2945
4376,2955
4377,2945
4378,2945
4379,2956
4380,2956
4381,2956
4382,7945
4383,2975
4384,2945
4385,2945
4386,2956
4387,2946
4388,2956
4389,2936
4390,2946
4391,2946
4392,2956
4393,2946
4394,2955
4395,2945
4396,2945
4397,7875
4398,2976
4399,2946
4400,2946
4401,2956
4402,2946
4403,2946
4404,2945
4405,2945
4406,2945
4407,2945
4408,2945
4409,2945
4410,3016
4411,2946
4412,15910
4413,3046
4414,2936
4415,2936
4416,2946
4417,2946
4418,2936
4419,2936
4420,2926
4421,2936
4422,2936
4423,2936
4424,2935
4425,7724
4426,2965
4427,2945
4428,2945
4429,2945
4430,2946
4431,2946
4432,2946
4433,2946
4434,2946
4435,2946
4436,2946
4437,3016
4438,2945
4439,2945
4440,3086
4441,2956
4442,2936
4443,2956
4444,3016
4445,2935
4446,2955
4447,2955
4448,2945
4449,2945
4450,2936
4451,2946
4452,2946
4453,2946
4454,2946
4455,3086
4456,2956
4457,2956
4458,2946
4459,2946
4460,2946
4461,2956
4462,2956
4463,2945
4464,2955
4465,2945
4466,2945
4467,2955
4468,2945
4469,2946
4470,3066
4471,2965
4472,2945
4473,2956
4474,2946
4475,2946
4476,2946
4477,2956
4478,2946
4479,2956
4480,2955
4481,2945
4482,2955
4483,2945
4484,7785
4485,3046
4486,2956
4487,2935
4488,2945
4489,2945
4490,2945
4491,2945
4492,2945
4493,2945
4494,2946
4495,2936
4496,2946
4497,2936
4498,2936
4499,7785
4500,3035
4501,2955
4502,2945
4503,2956
4504,2946
4505,2946
4506,2936
4507,2946
4508,2946
4509,2946
4510,2945
4511,2945
4512,2945
4513,2945
4514,7915
4515,3006
4516,2956
4517,2955
4518,2945
4519,2935
4520,2935
4521,2935
4522,2935
4523,2925
4524,3006
4525,2946
4526,2946
4527,2946
4528,2936
4529,13466
4530,3056
4531,2945
4532,2945
4533,2935
4534,2935
4535,2925
4536,2935
4537,2925
4538,2935
4539,2935
4540,2936
4541,2936
4542,2936
4543,8226
4544,2956
4545,2956
4546,2956
4547,2946
4548,2956
4549,2955
4550,2945
4551,2945
4552,2945
4553,2945
4554,2955
4555,2946
4556,2946
4557,2996
4558,3086
4559,2956
4560,2946
4561,2956
4562,2956
4563,2956
4564,2945
4565,2955
4566,2945
4567,2955
4568,2945
4569,2955
4570,2946
4571,2946
4572,2956
4573,3076
4574,2965
4575,2935
4576,2945
4577,2946
4578,2946
4579,2946
4580,2946
4581,2946
4582,2946
4583,2946
4584,2946
4585,2945
4586,2945
4587,2945
4588,3055
4589,2955
4590,2935
4591,2945
4592,2946
4593,2946
4594,2946
4595,2946
4596,2936
4597,2946
4598,2936
4599,2946
4600,2946
4601,2945
4602,7874
4603,3036
4604,2956
4605,2946
4606,2946
4607,2946
4608,2935
4609,2945
4610,2945
4611,2945
4612,2945
4613,2935
4614,2945
4615,2945
4616,2935
4617,7845
4618,3026
4619,2955
4620,2935
4621,2945
4622,2945
4623,2945
4624,2946
4625,2956
4626,2946
4627,2956
4628,2946
4629,2936
4630,2946
4631,2946
4632,7986
4633,3016
4634,2966
4635,2956
4636,2946
4637,2945
4638,2935
4639,2935
4640,2935
4641,2935
4642,2945
4643,2935
4644,2935
4645,2956
4646,2946
4647,7955
4648,3015
4649,2945
4650,2955
4651,2946
4652,2936
4653,2936
4654,11712
4655,3005
4656,2956
4657,2956
4658,2956
4659,2956
4660,8076
4661,2966
4662,2946
4663,2956
4664,2956
4665,2946
4666,2956
4667,2945
4668,2945
4669,2955
4670,2945
4671,2955
4672,2955
4673,2946
4674,2956
4675,7905
4676,2965
4677,2945
4678,2955
4679,2955
4680,2945
4681,2945
4682,2946
4683,2946
4684,2956
4685,2956
4686,2946
4687,2956
4688,2956
4689,2945
4690,8075
4691,2966
4692,2946
4693,2955
4694,2955
4695,2955
4696,2955
4697,2945
4698,2945
4699,2956
4700,2956
4701,2956
4702,2956
4703,2956
4704,2946
4705,3086
4706,2966
4707,2945
4708,2965
4709,2955
4710,2945
4711,2945
4712,2945
4713,2946
4714,2946
4715,2946
4716,2946
4717,2956
4718,2956
4719,7895
4720,3046
4721,2956
4722,2946
4723,2946
4724,2946
4725,2946
4726,2945
4727,2945
4728,2935
4729,2945
4730,2935
4731,2935
4732,2945
4733,2936
4734,7835
4735,3026
4736,2955
4737,2945
4738,2945
4739,2945
4740,2945
4741,2945
4742,2946
4743,2946
4744,2946
4745,2936
4746,2936
4747,2946
4748,2936
4749,8026
4750,3016
4751,2966
4752,2956
4753,2956
4754,2945
4755,2955
4756,2955
4757,2945
4758,2955
4759,2945
4760,2945
4761,2946
4762,2946
4763,2946
4764,13395
4765,3086
4766,2936
4767,2936
4768,2936
4769,2945
4770,2945
4771,2935
4772,2935
4773,2935
4774,2935
4775,2935
4776,2935
4777,2935
4778,8175
4779,2966
4780,2946
4781,2946
4782,2946
4783,2946
4784,2946
4785,2946
4786,2946
4787,2955
4788,2945
4789,2945
4790,2945
4791,2945
4792,2955
4793,8115
4794,2965
4795,2945
4796,2955
4797,2946
4798,2946
4799,2946
4800,2946
4801,2946
4802,2946
4803,2946
4804,2946
4805,2946
4806,2945
4807,2945
4808,3076
4809,2956
4810,2946
4811,2956
4812,2945
4813,2945
4814,2945
4815,2945
4816,2945
4817,2945
4818,2956
4819,2956
4820,2946
4821,2946
4822,7815
4823,3045
4824,2955
4825,2946
4826,2946
4827,2936
4828,2936
4829,2946
4830,2946
4831,2946
4832,2946
4833,2946
4834,2935
4835,2945
4836,2935
4837,2935
4838,3056
4839,2955
4840,2945
4841,2955
4842,2955
4843,2935
4844,2945
4845,2935
4846,2936
4847,2946
4848,2946
4849,2946
4850,2946
4851,2946
4852,7995
4853,3016
4854,2956
4855,2946
4856,2956
4857,2946
4858,2946
4859,2945
4860,2945
4861,2935
4862,2945
4863,2945
4864,2945
4865,2945
4866,2956
4867,7895
4868,3006
4869,2945
4870,2945
4871,2945
4872,2945
4873,2945
4874,2946
4875,2946
4876,2946
4877,2946
4878,2936
4879,2936
4880,2946
4881,2946
4882,7825
4883,3005
4884,2945
4885,2935
4886,2946
4887,2946
4888,2936
4889,2936
4890,2936
4891,2936
4892,2936
4893,2936
4894,2936
4895,10731
4896,3096
4897,2956
4898,2936
4899,2936
4900,2946
4901,2936
4902,2945
4903,2945
4904,2935
4905,2945
4906,2935
4907,2935
4908,2935
4909,2945
4910,7955
4911,3035
4912,2955
4913,3016
4914,2946
4915,2946
4916,2936
4917,2946
4918,2946
4919,2946
4920,2936
4921,2936
4922,2935
4923,2945
4924,2945
4925,8025
4926,2996
4927,2945
4928,2935
4929,2945
4930,2935
4931,2925
4932,2945
4933,2935
4934,2935
4935,2935
4936,2935
4937,2925
4938,2936
4939,2926
4940,8055
4941,3005
4942,2946
4943,2936
4944,2946
4945,2946
4946,2946
4947,2946
4948,2946
4949,2936
4950,3016
4951,2945
4952,2945
4953,2945
4954,2935
4955,7955
4956,2986
4957,2945
4958,2945
4959,2945
4960,2945
4961,2945
4962,2945
4963,2956
4964,2956
4965,2956
4966,2946
4967,2946
4968,2956
4969,2946
4970,8056
4971,2976
4972,2946
4973,2956
4974,2946
4975,2935
4976,2945
4977,2945
4978,2945
4979,2945
4980,2945
4981,2945
4982,2946
4983,2946
4984,2946
4985,8035
4986,2975
4987,2946
4988,2956
4989,2946
4990,2946
4991,2946
4992,2946
4993,2946
4994,2956
4995,2955
4996,2945
4997,2955
4998,2945
4999,2945
5000,8045
5001,2975
5002,2955
5003,2965
5004,2955
5005,2956
5006,2956
5007,2956
5008,2946
5009,2956
5010,2946
5011,2946
5012,2955
5013,2955
5014,2945
5015,14607
5016,2945
5017,2946
5018,2946
5019,2936
5020,2936
5021,2946
5022,2936
5023,2936
5024,2946
5025,2936
5026,2935
5027,2955
5028,8426
5029,2986
5030,2936
5031,2936
5032,2946
5033,2936
5034,2946
5035,2945
5036,2935
5037,2945
5038,2935
5039,2945
5040,2945
5041,2945
5042,2935
5043,8246
5044,2966
5045,2946
5046,2946
5047,2936
5048,2936
5049,2956
5050,2946
5051,2945
5052,2935
5053,2945
5054,2935
5055,2945
5056,2935
5057,2945
5058,3096
5059,2956
5060,2936
5061,2946
5062,2956
5063,2946
5064,2945
5065,2945
5066,2945
5067,2945
5068,2945
5069,2945
5070,2945
5071,2956
5072,2956
5073,3086
5074,2956
5075,2946
5076,2946
5077,2945
5078,2945
5079,2955
5080,2945
5081,2955
5082,2935
5083,2946
5084,2946
5085,2936
5086,2946
5087,8075
5088,3036
5089,2956
5090,2946
5091,2936
5092,2946
5093,2946
5094,2945
5095,2945
5096,2945
5097,2945
5098,2935
5099,2935
5100,2935
5101,2936
5102,8195
5103,3016
5104,2946
5105,2936
5106,2936
5107,2926
5108,2936
5109,2946
5110,2936
5111,2935
5112,2935
5113,2935
5114,2935
5115,2935
5116,2935
5117,8095
5118,3005
5119,2945
5120,2935
5121,2945
5122,2945
5123,2935
5124,2936
5125,2936
5126,2946
5127,2946
5128,2946
5129,2946
5130,2946
5131,2936
5132,8306
5133,2995
5134,2945
5135,11692
5136,3005
5137,2945
5138,2955
5139,2945
5140,2935
5141,2946
5142,2946
5143,2946
5144,2946
5145,3166
5146,2955
5147,2945
5148,2945
5149,2945
5150,2945
5151,2936
5152,2936
5153,2936
5154,2946
5155,2946
5156,2946
5157,2956
5158,2946
5159,2946
5160,3046
5161,2955
5162,2955
5163,2945
5164,2945
5165,2946
5166,2946
5167,2936
5168,2946
5169,2946
5170,2946
5171,2936
5172,2946
5173,2946
5174,8135
5175,3016
5176,2945
5177,2945
5178,2945
5179,2945
5180,2935
5181,2935
5182,2925
5183,2935
5184,2936
5185,2936
5186,2936
5187,2946
5188,2936
5189,8095
5190,3006
5191,2936
5192,2946
5193,2936
5194,2946
5195,2936
5196,2936
5197,2936
5198,2925
5199,2935
5200,2935
5201,2935
5202,2935
5203,2935
5204,8215
5205,3005
5206,2946
5207,2936
5208,2946
5209,2946
5210,2936
5211,2946
5212,2936
5213,2936
5214,2936
5215,2935
5216,2935
5217,2945
5218,2955
5219,8305
5220,2986
5221,2946
5222,2936
5223,2946
5224,2956
5225,2956
5226,2956
5227,2955
5228,2955
5229,2945
5230,2955
5231,2955
5232,2945
5233,2956
5234,11812
5235,3006
5236,2946
5237,2946
5238,2936
5239,2946
5240,2946
5241,2946
5242,2946
5243,2945
5244,2935
5245,2935
5246,2935
5247,2945
5248,13465
5249,2975
5250,2925
5251,2946
5252,2936
5253,2946
5254,2946
5255,2936
5256,2946
5257,2946
5258,2936
5259,2946
5260,2976
5261,8115
5262,3025
5263,2945
5264,2945
5265,2935
5266,2935
5267,2935
5268,2946
5269,2946
5270,2936
5271,2936
5272,2936
5273,2946
5274,2946
5275,2946
5276,7975
5277,2996
5278,2946
5279,2936
5280,2946
5281,2936
5282,2936
5283,2946
5284,2935
5285,2945
5286,2935
5287,2945
5288,2935
5289,2935
5290,2935
5291,7985
5292,2985
5293,2945
5294,2935
5295,2945
5296,2945
5297,2946
5298,2936
5299,2936
5300,2936
5301,2946
5302,2946
5303,2946
5304,2986
5305,2936
5306,7955
5307,2986
5308,2956
5309,2946
5310,2956
5311,2946
5312,2946
5313,2955
5314,2945
5315,2945
5316,2945
5317,2945
5318,2955
5319,2956
5320,2936
5321,8075
5322,2975
5323,2956
5324,2946
5325,2956
5326,2946
5327,2946
5328,2956
5329,2956
5330,2945
5331,2945
5332,2945
5333,2955
5334,2955
5335,2946
5336,7945
5337,2965
5338,2955
5339,2945
5340,2945
5341,2955
5342,2945
5343,2936
5344,2936
5345,2946
5346,2946
5347,2946
5348,2956
5349,2946
5350,2956
5351,7955
5352,2966
5353,2946
5354,2946
5355,2946
5356,2946
5357,2956
5358,2956
5359,2945
5360,2945
5361,2945
5362,2945
5363,2955
5364,2945
5365,2945
5366,7995
5367,2955
5368,2935
5369,2945
5370,2935
5371,2945
5372,2945
5373,2946
5374,2946
5375,11512
5376,3016
5377,2945
5378,2945
5379,3065
5380,2965
5381,2935
5382,2946
5383,2946
5384,2936
5385,2946
5386,2936
5387,2936
5388,2936
5389,2936
5390,2936
5391,2946
5392,2935
5393,7874
5394,3026
5395,2946
5396,2946
5397,2946
5398,2946
5399,2946
5400,2946
5401,2945
5402,2945
5403,2945
5404,2935
5405,2945
5406,2935
5407,2935
5408,8065
5409,3045
5410,2946
5411,2966
5412,2946
5413,2946
5414,2946
5415,2946
5416,2946
5417,2946
5418,2936
5419,2945
5420,2935
5421,2945
5422,2935
5423,7875
5424,3006
5425,2946
5426,2936
5427,2936
5428,2936
5429,2935
5430,2945
5431,3005
5432,2935
5433,2945
5434,2935
5435,2936
5436,2936
5437,2946
5438,7885
5439,3015
5440,2955
5441,2955
5442,2945
5443,2935
5444,2935
5445,2936
5446,2926
5447,2946
5448,2946
5449,2936
5450,2936
5451,2936
5452,2936
5453,8005
5454,3026
5455,2946
5456,2946
5457,2946
5458,2946
5459,2926
5460,2936
5461,2936
5462,2925
5463,2935
5464,2925
5465,2925
5466,2925
5467,2925
5468,8005
5469,2996
5470,2945
5471,2935
5472,2945
5473,2935
5474,2925
5475,2935
5476,2925
5477,2935
5478,2945
5479,2945
5480,2936
5481,2946
5482,2936
5483,7945
5484,2995
5485,2955
5486,2945
5487,2956
5488,2956
5489,2946
5490,2956
5491,2936
5492,2946
5493,2946
5494,2946
5495,2946
5496,2945
5497,2945
5498,13475
5499,3025
5500,2945
5501,2945
5502,2935
5503,2936
5504,2936
5505,2936
5506,2936
5507,2936
5508,2946
5509,2936
5510,2936
5511,2946
5512,3106
5513,2946
5514,2925
5515,2945
5516,2935
5517,2935
5518,2945
5519,2935
5520,2925
5521,2935
5522,2925
5523,2935
5524,2935
5525,2935
5526,2935
5527,3066
5528,2945
5529,2935
5530,2935
5531,2945
5532,2935
5533,2936
5534,2936
5535,2936
5536,2936
5537,2936
5538,2926
5539,2936
5540,2936
5541,2936
5542,3045
5543,2936
5544,2936
5545,2936
5546,2936
5547,2936
5548,2936
5549,2946
5550,2936
5551,2946
5552,2936
5553,2936
5554,2936
5555,2936
5556,2936
5557,3056
5558,2946
5559,2925
5560,2925
5561,2935
5562,2925
5563,2935
5564,2935
5565,2935
5566,2945
5567,2925
5568,2935
5569,2925
5570,2935
5571,7905
5572,3046
5573,2946
5574,2935
5575,2925
5576,2925
5577,2925
5578,2935
5579,2925
5580,2925
5581,2935
5582,2935
5583,2925
5584,2935
5585,2925
5586,2935
5587,3066
5588,2955
5589,2935
5590,2945
5591,2945
5592,2935
5593,2935
5594,2935
5595,2936
5596,2936
5597,2946
5598,2996
5599,2936
5600,2926
5601,2936
5602,3056
5603,2956
5604,2946
5605,2946
5606,2936
5607,2936
5608,2936
5609,2936
5610,2936
5611,2936
5612,2936
5613,2946
5614,2945
5615,2935
5616,15208
5617,3066
5618,2946
5619,2936
5620,2936
5621,2926
5622,2926
5623,2936
5624,2925
5625,2925
5626,2925
5627,2925
5628,2925
5629,2925
5630,3066
5631,2955
5632,2945
5633,2945
5634,2945
5635,2935
5636,2945
5637,2936
5638,2936
5639,2946
5640,2946
5641,2936
5642,2946
5643,2936
5644,7795
5645,3025
5646,2935
5647,2945
5648,2955
5649,2946
5650,2956
5651,2946
5652,2936
5653,2946
5654,2946
5655,2936
5656,2946
5657,2946
5658,2945
5659,8045
5660,3046
5661,2955
5662,2945
5663,2945
5664,2945
5665,2945
5666,2946
5667,2936
5668,2936
5669,2936
5670,2936
5671,2936
5672,2946
5673,2936
5674,7925
5675,3016
5676,2946
5677,2946
5678,2946
5679,2946
5680,2946
5681,2945
5682,2935
5683,2935
5684,2945
5685,2935
5686,2935
5687,2945
5688,2935
5689,8075
5690,3015
5691,2946
5692,2946
5693,2946
5694,2936
5695,2936
5696,2946
5697,2936
5698,2936
5699,2936
5700,2936
5701,2945
5702,2935
5703,2945
5704,8065
5705,3006
5706,2945
5707,2935
5708,2945
5709,2945
5710,2935
5711,2935
5712,2945
5713,2946
5714,2946
5715,2936
5716,2936
5717,2936
5718,2936
5719,7975
5720,2996
5721,2956
5722,2946
5723,2936
5724,2946
5725,2956
5726,2956
5727,2956
5728,2955
5729,2945
5730,2955
5731,2955
5732,2945
5733,2945
5734,13425
5735,3016
5736,2946
5737,2956
5738,2936
5739,2946
5740,2946
5741,2956
5742,2945
5743,2955
5744,2945
5745,2945
5746,2945
5747,2945
5748,3076
5749,2946
5750,2956
5751,2936
5752,2946
5753,2946
5754,2936
5755,2935
5756,2945
5757,2945
5758,2945
5759,2945
5760,2945
5761,2935
5762,7995
5763,3015
5764,2955
5765,2945
5766,2946
5767,2936
5768,2946
5769,2946
5770,2946
5771,2946
5772,2946
5773,2936
5774,2946
5775,2935
5776,2935
5777,7985
5778,3016
5779,2956
5780,2935
5781,2945
5782,2945
5783,2935
5784,2935
5785,2935
5786,2935
5787,2945
5788,2946
5789,2936
5790,2946
5791,2946
5792,7995
5793,3005
5794,2946
5795,2946
5796,2946
5797,2946
5798,2936
5799,2946
5800,2936
5801,2936
5802,2946
5803,3015
5804,2945
5805,2945
5806,2935
5807,8055
5808,2995
5809,2955
5810,2945
5811,2946
5812,2946
5813,2946
5814,2946
5815,2946
5816,2946
5817,2936
5818,2946
5819,2946
5820,2946
5821,2945
5822,8015
5823,2986
5824,2946
5825,2946
5826,2955
5827,2945
5828,2945
5829,2945
5830,2945
5831,2945
5832,2935
5833,2946
5834,2936
5835,2946
5836,2946
5837,8076
5838,2976
5839,2946
5840,2946
5841,2936
5842,2946
5843,2956
5844,2946
5845,2945
5846,2935
5847,2945
5848,2945
5849,2945
5850,2945
5851,2946
5852,7895
5853,2966
5854,2935
5855,2935
5856,2935
5857,14046
5858,3116
5859,2946
5860,2946
5861,2936
5862,2946
5863,2935
5864,7904
5865,2976
5866,2946
5867,2946
5868,2946
5869,2946
5870,2956
5871,2956
5872,2945
5873,2945
5874,2935
5875,2945
5876,2945
5877,2945
5878,2935
5879,8065
5880,2965
5881,2945
5882,2955
5883,2936
5884,2956
5885,2956
5886,2946
5887,2956
5888,2956
5889,2996
5890,2955
5891,2945
5892,2945
5893,2935
5894,8005
5895,2966
5896,2945
5897,2955
5898,2945
5899,2945
5900,2945
5901,2945
5902,2946
5903,2946
5904,2956
5905,2946
5906,2946
5907,2946
5908,2946
5909,8046
5910,2966
5911,2956
5912,2956
5913,2956
5914,2946
5915,2945
5916,2945
5917,2945
5918,2955
5919,2945
5920,2945
5921,2946
5922,2946
5923,2946
5924,8085
5925,2966
5926,2956
5927,2946
5928,2946
5929,2936
5930,2946
5931,2946
5932,2946
5933,2956
5934,2955
5935,2955
5936,2955
5937,2955
5938,2945
5939,3056
5940,2956
5941,2955
5942,2945
5943,2945
5944,2945
5945,2945
5946,2946
5947,2946
5948,2946
5949,2946
5950,2946
5951,2946
5952,2946
5953,2956
5954,3056
5955,2966
5956,2956
5957,2946
5958,2955
5959,2945
5960,2955
5961,2955
5962,2945
5963,2945
5964,2946
5965,2946
5966,2966
5967,2956
5968,13396
5969,3106
5970,2945
5971,2945
5972,2935
5973,2935
5974,2935
5975,2945
5976,2936
5977,2936
5978,2936
5979,2936
5980,2946
5981,2936
5982,8066
5983,2966
5984,2926
5985,2936
5986,2946
5987,2946
5988,2946
5989,2946
5990,2935
5991,2945
5992,2935
5993,2935
5994,2945
5995,2945
5996,2935
5997,7955
5998,2956
5999,2955
6000,2945
6001,2945
6002,2945
6003,2945
6004,2945
6005,2945
6006,2946
6007,2946
6008,2946
6009,2946
6010,2946
6011,2936
6012,8076
6013,2956
6014,2936
6015,2936
6016,2936
6017,2936
6018,2936
6019,2936
6020,2946
6021,2936
6022,2935
6023,2935
6024,2935
6025,2945
6026,2935
6027,3076
6028,2956
6029,2936
6030,2936
6031,2935
6032,2935
6033,2945
6034,2935
6035,2935
6036,2945
6037,2935
6038,2935
6039,2935
6040,2935
6041,2935
6042,7905
6043,2966
6044,2936
6045,2945
6046,2945
6047,2945
6048,2945
6049,2945
6050,2945
6051,2955
6052,2946
6053,2956
6054,2956
6055,2946
6056,2946
6057,3086
6058,2955
6059,2945
6060,2945
6061,2946
6062,2936
6063,2946
6064,2946
6065,2946
6066,2946
6067,2946
6068,2936
6069,2946
6070,2935
6071,2935
6072,3066
6073,2956
6074,2956
6075,2946
6076,2945
6077,2935
6078,2945
6079,2945
6080,2945
6081,2955
6082,2945
6083,2946
6084,2946
6085,2936
6086,2946
6087,3076
6088,2956
6089,2956
6090,2946
6091,2946
6092,2946
6093,2946
6094,2946
6095,2945
6096,2935
6097,2945
6098,11682
6099,7865
6100,3015
6101,2956
6102,2946
6103,2956
6104,2946
6105,2936
6106,2946
6107,2936
6108,2946
6109,2946
6110,2955
6111,2945
6112,2955
6113,2945
6114,7915
6115,2986
6116,2956
6117,2946
6118,2945
6119,2945
6120,2945
6121,2935
6122,2945
6123,2945
6124,2946
6125,2946
6126,2946
6127,2946
6128,2936
6129,7945
6130,2985
6131,2945
6132,2946
6133,2946
6134,2956
6135,2946
6136,2946
6137,2956
6138,2946
6139,2956
6140,2955
6141,2945
6142,2955
6143,2945
6144,7985
6145,2986
6146,2945
6147,2945
6148,2955
6149,2945
6150,2945
6151,2956
6152,2946
6153,2946
6154,2946
6155,2946
6156,2946
6157,2946
6158,2946
6159,8046
6160,2976
6161,2946
6162,2956
6163,2946
6164,2946
6165,2955
6166,2945
6167,2945
6168,2945
6169,2945
6170,2945
6171,2946
6172,2946
6173,2946
6174,7985
6175,2975
6176,2945
6177,2956
6178,2946
6179,2956
6180,2956
6181,2956
6182,2956
6183,2956
6184,2955
6185,2955
6186,2945
6187,2945
6188,2955
6189,7955
6190,2966
6191,2945
6192,2955
6193,2945
6194,2945
6195,2955
6196,2945
6197,2956
6198,2956
6199,2946
6200,2946
6201,2956
6202,2946
6203,2946
6204,7905
6205,2966
6206,2946
6207,2946
6208,2946
6209,2946
6210,2946
6211,2956
6212,2946
6213,2946
6214,2945
6215,2945
6216,2945
6217,2945
6218,2945
6219,14437
6220,2955
6221,2935
6222,2945
6223,2945
6224,2945
6225,2946
6226,2946
6227,2946
6228,2946
6229,2946
6230,2936
6231,2936
6232,8086
6233,2976
6234,2946
6235,2956
6236,2936
6237,2945
6238,2945
6239,2945
6240,2945
6241,2945
6242,2945
6243,2945
6244,2946
6245,2946
6246,2936
6247,8005
6248,2975
6249,2945
6250,2956
6251,2946
6252,2946
6253,2946
6254,2946
6255,2946
6256,2946
6257,2946
6258,2945
6259,2945
6260,2935
6261,2945
6262,8005
6263,2976
6264,2945
6265,2945
6266,2955
6267,2945
6268,2945
6269,2945
6270,2945
6271,2935
6272,2946
6273,2946
6274,2946
6275,2946
6276,2946
6277,7855
6278,2965
6279,2945
6280,2945
6281,2956
6282,2956
6283,2946
6284,2946
6285,2936
6286,2946
6287,2946
6288,2946
6289,2946
6290,2945
6291,2945
6292,7945
6293,2946
6294,2936
6295,2946
6296,2946
6297,2936
6298,2936
6299,2936
6300,2935
6301,2935
6302,2935
6303,2935
6304,2945
6305,2935
6306,2945
6307,8035
6308,2936
6309,2935
6310,2935
6311,2945
6312,2935
6313,2935
6314,2935
6315,2935
6316,2935
6317,2935
6318,2925
6319,2935
6320,2935
6321,2935
6322,8065
6323,2935
6324,2925
6325,2925
6326,2935
6327,2935
6328,2935
6329,2935
6330,2936
6331,2936
6332,2936
6333,2926
6334,2926
6335,2926
6336,2966
6337,3075
6338,12684
6339,3066
6340,2955
6341,2945
6342,2945
6343,2935
6344,2945
6345,2936
6346,2936
6347,2936
6348,2946
6349,7955
6350,2975
6351,2945
6352,2955
6353,2936
6354,2946
6355,2946
6356,2946
6357,2946
6358,2946
6359,2946
6360,2956
6361,2945
6362,2945
6363,2945
6364,7925
6365,2986
6366,2956
6367,2946
6368,2955
6369,2945
6370,2945
6371,2945
6372,2955
6373,2945
6374,2946
6375,2946
6376,2956
6377,2946
6378,2956
6379,7995
6380,2976
6381,2946
6382,2946
6383,2956
6384,2946
6385,2946
6386,2946
6387,2946
6388,3015
6389,2945
6390,2955
6391,2945
6392,2945
6393,2946
6394,7945
6395,2965
6396,2945
6397,2945
6398,2945
6399,2935
6400,2945
6401,2936
6402,2946
6403,2946
6404,2946
6405,2946
6406,2946
6407,2946
6408,2936
6409,8095
6410,2966
6411,2946
6412,2946
6413,2945
6414,2945
6415,2945
6416,2945
6417,2945
6418,2945
6419,2935
6420,2946
6421,2946
6422,2946
6423,2946
6424,7975
6425,2955
6426,2945
6427,2956
6428,2946
6429,2946
6430,2946
6431,2946
6432,2946
6433,2946
6434,2946
6435,2955
6436,2945
6437,2945
6438,2945
6439,3106
6440,2955
6441,2955
6442,2955
6443,2955
6444,2955
6445,2955
6446,2956
6447,2946
6448,2946
6449,2946
6450,2956
6451,2946
6452,2946
6453,2946
6454,3156
6455,2945
6456,2946
6457,2946
6458,2936
6459,2946
6460,2936
6461,2936
6462,2936
6463,2946
6464,2936
6465,2946
6466,2945
6467,8205
6468,2975
6469,2935
6470,2955
6471,2955
6472,2946
6473,2946
6474,2956
6475,2946
6476,2946
6477,2946
6478,2946
6479,2946
6480,2945
6481,2945
6482,7975
6483,2966
6484,2946
6485,2946
6486,2936
6487,3025
6488,2955
6489,2955
6490,2955
6491,2946
6492,2936
6493,2946
6494,2946
6495,2946
6496,2946
6497,8096
6498,2966
6499,2946
6500,2956
6501,2936
6502,2936
6503,3015
6504,2945
6505,3005
6506,2946
6507,2946
6508,2936
6509,2946
6510,2946
6511,2956
6512,3096
6513,2976
6514,2946
6515,2956
6516,2936
6517,2936
6518,2945
6519,2945
6520,2945
6521,2945
6522,2945
6523,2945
6524,2935
6525,2946
6526,2946
6527,3086
6528,2975
6529,2945
6530,2955
6531,3016
6532,2946
6533,2956
6534,2946
6535,2956
6536,2946
6537,2956
6538,2945
6539,2955
6540,2945
6541,2945
6542,3076
6543,2956
6544,2955
6545,2945
6546,2945
6547,2945
6548,2945
6549,2945
6550,2946
6551,2946
6552,2946
6553,2946
6554,2946
6555,2946
6556,7755
6557,3045
6558,2956
6559,2946
6560,2946
6561,2936
6562,2936
6563,2946
6564,2936
6565,2936
6566,2946
6567,2956
6568,2945
6569,2945
6570,2945
6571,7855
6572,3046
6573,2966
6574,2945
6575,2945
6576,2945
6577,2945
6578,2945
6579,11542
6580,3046
6581,2955
6582,2935
6583,2945
6584,7905
6585,2986
6586,2956
6587,2966
6588,2946
6589,2935
6590,2945
6591,2945
6592,2945
6593,2955
6594,2945
6595,2956
6596,2946
6597,2956
6598,2946
6599,8075
6600,2976
6601,2936
6602,2946
6603,2946
6604,2946
6605,2936
6606,2946
6607,2936
6608,2945
6609,2945
6610,2945
6611,2945
6612,2955
6613,2945
6614,8075
6615,2975
6616,2945
6617,2935
6618,2945
6619,2945
6620,2946
6621,2936
6622,2936
6623,2936
6624,2936
6625,2936
6626,2946
6627,2936
6628,2946
6629,8025
6630,2986
6631,2956
6632,2956
6633,2956
6634,2955
6635,2955
6636,2945
6637,2945
6638,2955
6639,2935
6640,2946
6641,2946
6642,2946
6643,2946
6644,8116
6645,2966
6646,2946
6647,2956
6648,2956
6649,2956
6650,2966
6651,2955
6652,2955
6653,2945
6654,2955
6655,2945
6656,2956
6657,2956
6658,2956
6659,8186
6660,2956
6661,2946
6662,2946
6663,2946
6664,2956
6665,2945
6666,2955
6667,2955
6668,2955
6669,2945
6670,2946
6671,2956
6672,2956
6673,2946
6674,3076
6675,2966
6676,2946
6677,2956
6678,2956
6679,2956
6680,2955
6681,2945
6682,2955
6683,2945
6684,2945
6685,2945
6686,2956
6687,2946
6688,13235
6689,3106
6690,2966
6691,2946
6692,2936
6693,2936
6694,2936
6695,2945
6696,2945
6697,2945
6698,2935
6699,2935
6700,2935
6701,2945
6702,8055
6703,2975
6704,2955
6705,2955
6706,2955
6707,2946
6708,2946
6709,2946
6710,2946
6711,2946
6712,2956
6713,2956
6714,2945
6715,2945
6716,2955
6717,8015
6718,2956
6719,2945
6720,2955
6721,2935
6722,2945
6723,2945
6724,2945
6725,2945
6726,2956
6727,2946
6728,2946
6729,2946
6730,2946
6731,2946
6732,8005
6733,2946
6734,2956
6735,2966
6736,2946
6737,2946
6738,2956
6739,2956
6740,2945
6741,2955
6742,2945
6743,2955
6744,2955
6745,2945
6746,2946
6747,3106
6748,2945
6749,2945
6750,2946
6751,2956
6752,2946
6753,2946
6754,2946
6755,2946
6756,2946
6757,2946
6758,2956
6759,2955
6760,2955
6761,2955
6762,3076
6763,2956
6764,2946
6765,2945
6766,2955
6767,2955
6768,2955
6769,2945
6770,2945
6771,2956
6772,2956
6773,2946
6774,2956
6775,2956
6776,2956
6777,3076
6778,2956
6779,2956
6780,2956
6781,2946
6782,2956
6783,2956
6784,2946
6785,2945
6786,2945
6787,2945
6788,2955
6789,2955
6790,2945
6791,2946
6792,3066
6793,2956
6794,2946
6795,2946
6796,2946
6797,2936
6798,2946
6799,2945
6800,2935
6801,2935
6802,2945
6803,2945
6804,2955
6805,2945
6806,7835
6807,3036
6808,2945
6809,2935
6810,2935
6811,2945
6812,2935
6813,2935
6814,2935
6815,2935
6816,2935
6817,2936
6818,2936
6819,2946
6820,2946
6821,3106
6822,2945
6823,2935
6824,2945
6825,2945
6826,2935
6827,2945
6828,2936
6829,2946
6830,2946
6831,2936
6832,2936
6833,2936
6834,2936
6835,8106
6836,2966
6837,2956
6838,2946
6839,2946
6840,2945
6841,2945
6842,2945
6843,2945
6844,2955
6845,2945
6846,2946
6847,2946
6848,2946
6849,2946
6850,8085
6851,2966
6852,2956
6853,2946
6854,2936
6855,2946
6856,2956
6857,2946
6858,2955
6859,2955
6860,2955
6861,2955
6862,2955
6863,2956
6864,2946
6865,3105
6866,2966
6867,2956
6868,2956
6869,2946
6870,2946
6871,2946
6872,2946
6873,2956
6874,2955
6875,2945
6876,2955
6877,2965
6878,2955
6879,2956
6880,3085
6881,2956
6882,2946
6883,2946
6884,2946
6885,2946
6886,2946
6887,2946
6888,2956
6889,2946
6890,2945
6891,2945
6892,2945
6893,2945
6894,7965
6895,3036
6896,2965
6897,2945
6898,2945
6899,2946
6900,2946
6901,2936
6902,2946
6903,2936
6904,2946
6905,2946
6906,2946
6907,2946
6908,2945
6909,7905
6910,3006
6911,2946
6912,2946
6913,2946
6914,2936
6915,2936
6916,2935
6917,2925
6918,2935
6919,2935
6920,2935
6921,2935
6922,2935
6923,2935
6924,7985
6925,3016
6926,2955
6927,2955
6928,2945
6929,2935
6930,2945
6931,2946
6932,2936
6933,2936
6934,2936
6935,2936
6936,2946
6937,2936
6938,2946
6939,13305
6940,3086
6941,2946
6942,2956
6943,2945
6944,2935
6945,2945
6946,2945
6947,2935
6948,2935
6949,2945
6950,2935
6951,2946
6952,2946
6953,8075
6954,2975
6955,2946
6956,2946
6957,2946
6958,2956
6959,2956
6960,2946
6961,2946
6962,2946
6963,2945
6964,2945
6965,2945
6966,2945
6967,2935
6968,3086
6969,2956
6970,2955
6971,2955
6972,2945
6973,2945
6974,2955
6975,2956
6976,2946
6977,2946
6978,2946
6979,2946
6980,2946
6981,2956
6982,2956
6983,3096
6984,2966
6985,2956
6986,2946
6987,2955
6988,2955
6989,3025
6990,2945
6991,2956
6992,2946
6993,2956
6994,2956
6995,2956
6996,2946
6997,2946
6998,3056
6999,2956
7000,2946
7001,2946
7002,2956
7003,2946
7004,2956
7005,2946
7006,3016
7007,2945
7008,2945
7009,2945
7010,2945
7011,2945
7012,7835
7013,3036
7014,2965
7015,2955
7016,2945
7017,2935
7018,2935
7019,2945
7020,2946
7021,2946
7022,2946
7023,2946
7024,2946
7025,2936
7026,2946
7027,7865
7028,3016
7029,2946
7030,2956
7031,2946
7032,2946
7033,2946
7034,2946
7035,2936
7036,2946
7037,2945
7038,2935
7039,2945
7040,2945
7041,2955
7042,8005
7043,3035
7044,2955
7045,2935
7046,2945
7047,2946
7048,2936
7049,2946
7050,2946
7051,3016
7052,2946
7053,2936
7054,2945
7055,2945
7056,2945
7057,7955
7058,3006
7059,2946
7060,2955
7061,11301
7062,3065
7063,2945
7064,2945
7065,2956
7066,2946
7067,3006
7068,2946
7069,2936
7070,8106
7071,2986
7072,2936
7073,2946
7074,2946
7075,2946
7076,2955
7077,2945
7078,2945
7079,2945
7080,2945
7081,2945
7082,2945
7083,2946
7084,2946
7085,7935
7086,2955
7087,2935
7088,2945
7089,2945
7090,2945
7091,2956
7092,2946
7093,2946
7094,2956
7095,2946
7096,2956
7097,2946
7098,2946
7099,2945
7100,8075
7101,2966
7102,2936
7103,2956
7104,2965
7105,2935
7106,2955
7107,2945
7108,2945
7109,2946
7110,2946
7111,2956
7112,2956
7113,2956
7114,2946
7115,8036
7116,2946
7117,2946
7118,2946
7119,2946
7120,2946
7121,2946
7122,2946
7123,2945
7124,2945
7125,2945
7126,2945
7127,2945
7128,2945
7129,2956
7130,3075
7131,2955
7132,2955
7133,2936
7134,2946
7135,2946
7136,2946
7137,2946
7138,2946
7139,2946
7140,2945
7141,2935
7142,2945
7143,2945
7144,2945
7145,3066
7146,2946
7147,2945
7148,2945
7149,2945
7150,2935
7151,2945
7152,2945
7153,2945
7154,2956
7155,2946
7156,2946
7157,2946
7158,2936
7159,2946
7160,3066
7161,2966
7162,2956
7163,2936
7164,2946
7165,2946
7166,2946
7167,2946
7168,2955
7169,2955
7170,2955
7171,2945
7172,2945
7173,2945
7174,14788
7175,3115
7176,2956
7177,2946
7178,2936
7179,2936
7180,2936
7181,2946
7182,2946
7183,2936
7184,2946
7185,2936
7186,2935
7187,2935
7188,3066
7189,2955
7190,2945
7191,2955
7192,2945
7193,2945
7194,2955
7195,2946
7196,2946
7197,2956
7198,2946
7199,2946
7200,2946
7201,2936
7202,7825
7203,3025
7204,2956
7205,2956
7206,2946
7207,2936
7208,2936
7209,2936
7210,3006
7211,2936
7212,2945
7213,2945
7214,2935
7215,2945
7216,2935
7217,7845
7218,3036
7219,2956
7220,2935
7221,2945
7222,2945
7223,2945
7224,2945
7225,2935
7226,2935
7227,2935
7228,2946
7229,3006
7230,2946
7231,2936
7232,7875
7233,3015
7234,2946
7235,2956
7236,2946
7237,2946
7238,2936
7239,2946
7240,2946
7241,2946
7242,2936
7243,2945
7244,2945
7245,2945
7246,2945
7247,7835
7248,3006
7249,2946
7250,2946
7251,2946
7252,2946
7253,2946
7254,2945
7255,2935
7256,2935
7257,2945
7258,2945
7259,2945
7260,2945
7261,2945
7262,7915
7263,2996
7264,2945
7265,2945
7266,2935
7267,2935
7268,2935
7269,2945
7270,2935
7271,2935
7272,2936
7273,2946
7274,2936
7275,2946
7276,2946
7277,8035
7278,3016
7279,2946
7280,2926
7281,2936
7282,2946
7283,2926
7284,2936
7285,2936
7286,2936
7287,2936
7288,2936
7289,2925
7290,2925
7291,2935
7292,7965
7293,3016
7294,2956
7295,2945
7296,2935
7297,2945
7298,2935
7299,2945
7300,2935
7301,2935
7302,2935
7303,3136
7304,2946
7305,8236
7306,2976
7307,2946
7308,2956
7309,2955
7310,2955
7311,2955
7312,2955
7313,2945
7314,2956
7315,2956
7316,2956
7317,2946
7318,2946
7319,2946
7320,8005
7321,2966
7322,2946
7323,2956
7324,2946
7325,2956
7326,2956
7327,2956
7328,2945
7329,2955
7330,2945
7331,2955
7332,2955
7333,2956
7334,2956
7335,8045
7336,2975
7337,2945
7338,2956
7339,2946
7340,2946
7341,2946
7342,2946
7343,2956
7344,2946
7345,2956
7346,2945
7347,2945
7348,2945
7349,2945
7350,3086
7351,2955
7352,2945
7353,2945
7354,2956
7355,2946
7356,2956
7357,2946
7358,2946
7359,2946
7360,2946
7361,2946
7362,2946
7363,2945
7364,2945
7365,3076
7366,2966
7367,2955
7368,2945
7369,2955
7370,2945
7371,2945
7372,2935
7373,2935
7374,2946
7375,2946
7376,2956
7377,2946
7378,2946
7379,2936
7380,3035
7381,2935
7382,2936
7383,2946
7384,2936
7385,2936
7386,2946
7387,2926
7388,2936
7389,2936
7390,2936
7391,2936
7392,2936
7393,2946
7394,2946
7395,3046
7396,2946
7397,2926
7398,2946
7399,2946
7400,2926
7401,2936
7402,2926
7403,2936
7404,2936
7405,2936
7406,2935
7407,2935
7408,2935
7409,7885
7410,3046
7411,2936
7412,2946
7413,2926
7414,2936
7415,2935
7416,2925
7417,2925
7418,2925
7419,2935
7420,2925
7421,2925
7422,2935
7423,2935
7424,13465
7425,3086
7426,2946
7427,2946
7428,2936
7429,2946
7430,2936
7431,2946
7432,2936
7433,2935
7434,2935
7435,2935
7436,2935
7437,2945
7438,8105
7439,2975
7440,2975
7441,2945
7442,2945
7443,2946
7444,2946
7445,2946
7446,2936
7447,2946
7448,2946
7449,2946
7450,2946
7451,2946
7452,2945
7453,7694
7454,2965
7455,2935
7456,2935
7457,2945
7458,2945
7459,2956
7460,2956
7461,2956
7462,2956
7463,2946
7464,2946
7465,2946
7466,2946
7467,2945
7468,7955
7469,2976
7470,2946
7471,2946
7472,2936
7473,2946
7474,2946
7475,2945
7476,2945
7477,2945
7478,2945
7479,2945
7480,2945
7481,2936
7482,2936
7483,7995
7484,2955
7485,2945
7486,2955
7487,2945
7488,2946
7489,2946
7490,2946
7491,2946
7492,2956
7493,2946
7494,2946
7495,2955
7496,2945
7497,2945
7498,3096
7499,2966
7500,2946
7501,2956
7502,2945
7503,2945
7504,2945
7505,2945
7506,2955
7507,2945
7508,2945
7509,2956
7510,2946
7511,2946
7512,2956
7513,3096
7514,2965
7515,2945
7516,2955
7517,2946
7518,2946
7519,2946
7520,2946
7521,2946
7522,2946
7523,2946
7524,2946
7525,2946
7526,2945
7527,2945
7528,3076
7529,2956
7530,2956
7531,2956
7532,2955
7533,2945
7534,2945
7535,2955
7536,2955
7537,2956
7538,2956
7539,2946
7540,2956
7541,2946
7542,2956
7543,11512
7544,2996
7545,2946
7546,2946
7547,2946
7548,2945
7549,2945
7550,2945
7551,2945
7552,2955
7553,2945
7554,2945
7555,8055
7556,3005
7557,2955
7558,2936
7559,2936
7560,2936
7561,2936
7562,2936
7563,2936
7564,2936
7565,2936
7566,2936
7567,2936
7568,2936
7569,2936
7570,7955
7571,2986
7572,2946
7573,2946
7574,2946
7575,2946
7576,2946
7577,2945
7578,2945
7579,2945
7580,2945
7581,2945
7582,2945
7583,2946
7584,2936
7585,8095
7586,2996
7587,2946
7588,2956
7589,2946
7590,2946
7591,2946
7592,2946
7593,2946
7594,2946
7595,2945
7596,2945
7597,2945
7598,2945
7599,2945
7600,8085
7601,2985
7602,2945
7603,2945
7604,2945
7605,2946
7606,2956
7607,2956
7608,2946
7609,2946
7610,2946
7611,2936
7612,2946
7613,2955
7614,2945
7615,8075
7616,2966
7617,2945
7618,2945
7619,2935
7620,2945
7621,2945
7622,2945
7623,2945
7624,2946
7625,2946
7626,2946
7627,2946
7628,2946
7629,2946
7630,7985
7631,2976
7632,2936
7633,3006
7634,2946
7635,2946
7636,2956
7637,2946
7638,2945
7639,2945
7640,2945
7641,2945
7642,2945
7643,2935
7644,2946
7645,8035
7646,2955
7647,2945
7648,2945
7649,2945
7650,2945
7651,2936
7652,2936
7653,2956
7654,2956
7655,2946
7656,2956
7657,2956
7658,2946
7659,2945
7660,14206
7661,2956
7662,2946
7663,2946
7664,2936
7665,2936
7666,2936
7667,2946
7668,2936
7669,2946
7670,2935
7671,2935
7672,2935
7673,8085
7674,2996
7675,2945
7676,2945
7677,2945
7678,2945
7679,2935
7680,2946
7681,2946
7682,2946
7683,2956
7684,2936
7685,2956
7686,2946
7687,2945
7688,8145
7689,2986
7690,2945
7691,2955
7692,2955
7693,2945
7694,2945
7695,2946
7696,2946
7697,2956
7698,2956
7699,2946
7700,2956
7701,2946
7702,2955
7703,8015
7704,2946
7705,2936
7706,2946
7707,2946
7708,2946
7709,2945
7710,2945
7711,2945
7712,2945
7713,2945
7714,2945
7715,2946
7716,2946
7717,2946
7718,7945
7719,2955
7720,2955
7721,2955
7722,2956
7723,2946
7724,2956
7725,2946
7726,2946
7727,2946
7728,2946
7729,2946
7730,2956
7731,2955
7732,2955
7733,8095
7734,2956
7735,2945
7736,2945
7737,2955
7738,2955
7739,2945
7740,2946
7741,2946
7742,2956
7743,2946
7744,2946
7745,2956
7746,2956
7747,2956
7748,3086
7749,2956
7750,2956
7751,2946
7752,2946
7753,2946
7754,2946
7755,2946
7756,2945
7757,2945
7758,2945
7759,2945
7760,2945
7761,2945
7762,2946
7763,3056
7764,2955
7765,2935
7766,2945
7767,2945
7768,2945
7769,2945
7770,2945
7771,2946
7772,2956
7773,2946
7774,2946
7775,2946
7776,2936
7777,2946
7778,3076
7779,2956
7780,2955
7781,2945
7782,2945
7783,2945
7784,11712
7785,2995
7786,2935
7787,2945
7788,2935
7789,2945
7790,8286
7791,2986
7792,2956
7793,2956
7794,2946
7795,2946
7796,2946
7797,2945
7798,2945
7799,2945
7800,2955
7801,2945
7802,2945
7803,2945
7804,3016
7805,7925
7806,2965
7807,2935
7808,2955
7809,2945
7810,2946
7811,2956
7812,2946
7813,2946
7814,2956
7815,2946
7816,2946
7817,2946
7818,2945
7819,2945
7820,8035
7821,2966
7822,2956
7823,2956
7824,2945
7825,2955
7826,2955
7827,2955
7828,2955
7829,3026
7830,2956
7831,2976
7832,2956
7833,2956
7834,2945
7835,3086
7836,2966
7837,2946
7838,2946
7839,2956
7840,2956
7841,2955
7842,2945
7843,2945
7844,2955
7845,2945
7846,2945
7847,2956
7848,2946
7849,2936
7850,7995
7851,2955
7852,2966
7853,2956
7854,2956
7855,2956
7856,2956
7857,2946
7858,2946
7859,2946
7860,2945
7861,2945
7862,2955
7863,2945
7864,2945
7865,3066
7866,2956
7867,2956
7868,2945
7869,2955
7870,2945
7871,2945
7872,2945
7873,2946
7874,2946
7875,2996
7876,2956
7877,2946
7878,2956
7879,2956
7880,3036
7881,2956
7882,2936
7883,2946
7884,2956
7885,2946
7886,2945
7887,2945
7888,2945
7889,2945
7890,2945
7891,2945
7892,2945
7893,2956
7894,13566
7895,3096
7896,2945
7897,2935
7898,2935
7899,2945
7900,2935
7901,2946
7902,2936
7903,2936
7904,2946
7905,2936
7906,2936
7907,2946
7908,8486
7909,2976
7910,2956
7911,2946
7912,2946
7913,2946
7914,2956
7915,2946
7916,2945
7917,2955
7918,2945
7919,2955
7920,2945
7921,2955
7922,2956
7923,3106
7924,2956
7925,2956
7926,2956
7927,2956
7928,2996
7929,2945
7930,2945
7931,2955
7932,2955
7933,2945
7934,2945
7935,2956
7936,2956
7937,2956
7938,3076
7939,2966
7940,2946
7941,2946
7942,2946
7943,2946
7944,2956
7945,2945
7946,2945
7947,2945
7948,2945
7949,2935
7950,2945
7951,2935
7952,7975
7953,3055
7954,2966
7955,2946
7956,2936
7957,2946
7958,2936
7959,2946
7960,2946
7961,2946
7962,2946
7963,2946
7964,2945
7965,2945
7966,2935
7967,8195
7968,3025
7969,2976
7970,2946
7971,2946
7972,2936
7973,2936
7974,2946
7975,2946
7976,2946
7977,2956
7978,2955
7979,2955
7980,2945
7981,2945
7982,8055
7983,3025
7984,2945
7985,2935
7986,2945
7987,2935
7988,2936
7989,2936
7990,2936
7991,2936
7992,2936
7993,2936
7994,2936
7995,2936
7996,2926
7997,8126
7998,2986
7999,2946
8000,2956
8001,2955
8002,2945
8003,2945
8004,2945
8005,2945
8006,2945
8007,2956
8008,2956
8009,2956
8010,2946
8011,2946
8012,8116
8013,2986
8014,2956
8015,2946
8016,2946
8017,2945
8018,2935
8019,2945
8020,2945
8021,2935
8022,2945
8023,2945
8024,2946
8025,16331
8026,2996
8027,2945
8028,2955
8029,2935
8030,2935
8031,3015
8032,2936
8033,2936
8034,2936
8035,2936
8036,2946
8037,2946
8038,2946
8039,2936
8040,8206
8041,2956
8042,2935
8043,2955
8044,2945
8045,2945
8046,2945
8047,2935
8048,2935
8049,2946
8050,2946
8051,2946
8052,2956
8053,2946
8054,2946
8055,3066
8056,2955
8057,2955
8058,2945
8059,2955
8060,2945
8061,2946
8062,2946
8063,2946
8064,2946
8065,2946
8066,2946
8067,2956
8068,2956
8069,8085
8070,3036
8071,2955
8072,2935
8073,2945
8074,2935
8075,2945
8076,2945
8077,2946
8078,2946
8079,2936
8080,2946
8081,2936
8082,2936
8083,2946
8084,8126
8085,3026
8086,2945
8087,2955
8088,2945
8089,2935
8090,2945
8091,2945
8092,2945
8093,2956
8094,2946
8095,2936
8096,2936
8097,2946
8098,2946
8099,8136
8100,3006
8101,2956
8102,2956
8103,2946
8104,2945
8105,2935
8106,2945
8107,2945
8108,2945
8109,2945
8110,2935
8111,2936
8112,2946
8113,2946
8114,8386
8115,2975
8116,2945
8117,2945
8118,2945
8119,2945
8120,2945
8121,2956
8122,2946
8123,2946
8124,2956
8125,2946
8126,2946
8127,2956
8128,2945
8129,12183
8130,2996
8131,2936
8132,2956
8133,2946
8134,2946
8135,2936
8136,2945
8137,2945
8138,2945
8139,2935
8140,2945
8141,2935
8142,2935
8143,14177
8144,2956
8145,2946
8146,2956
8147,2945
8148,2935
8149,2945
8150,2945
8151,2955
8152,2945
8153,2946
8154,2936
8155,2936
8156,8005
8157,2975
8158,2935
8159,2936
8160,2936
8161,2946
8162,2946
8163,2946
8164,2936
8165,2946
8166,2946
8167,2946
8168,2955
8169,2945
8170,2945
8171,8065
8172,2975
8173,2945
8174,2945
8175,2945
8176,2945
8177,2945
8178,2946
8179,2946
8180,2946
8181,2946
8182,2936
8183,2946
8184,2946
8185,2936
8186,8076
8187,2966
8188,2946
8189,2946
8190,2946
8191,2946
8192,2945
8193,2935
8194,2945
8195,2945
8196,2935
8197,2945
8198,2945
8199,2946
8200,2946
8201,7855
8202,2966
8203,2945
8204,2935
8205,2945
8206,2945
8207,2945
8208,2945
8209,2935
8210,2946
8211,2936
8212,2946
8213,2946
8214,2946
8215,2946
8216,7895
8217,2955
8218,2935
8219,2955
8220,2946
8221,2946
8222,2956
8223,2956
8224,2936
8225,2946
8226,2936
8227,2946
8228,2945
8229,2945
8230,2945
8231,9948
8232,2996
8233,2936
8234,2956
8235,2946
8236,2946
8237,2956
8238,2945
8239,2945
8240,2945
8241,2945
8242,2945
8243,2945
8244,2946
8245,7985
8246,3015
8247,2955
8248,2945
8249,2936
8250,2936
8251,2936
8252,2936
8253,2946
8254,2946
8255,2946
8256,2936
8257,2936
8258,2946
8259,2935
8260,8025
8261,2996
8262,2956
8263,11823
8264,2996
8265,2936
8266,2955
8267,2935
8268,2945
8269,2935
8270,2945
8271,2935
8272,2945
8273,8175
8274,2956
8275,2946
8276,2956
8277,2946
8278,2946
8279,2946
8280,2946
8281,2936
8282,2956
8283,2945
8284,2945
8285,2945
8286,2935
8287,2945
8288,3086
8289,2956
8290,2945
8291,2945
8292,2945
8293,2935
8294,2945
8295,2945
8296,2945
8297,2946
8298,2946
8299,2946
8300,2936
8301,2936
8302,2946
8303,3076
8304,2956
8305,2956
8306,2946
8307,2946
8308,2946
8309,2935
8310,2945
8311,2935
8312,2945
8313,2945
8314,2945
8315,2945
8316,2946
8317,7815
8318,3056
8319,2955
8320,2945
8321,2945
8322,2945
8323,2945
8324,2946
8325,2946
8326,2936
8327,2936
8328,2936
8329,2936
8330,2946
8331,2936
8332,2936
8333,3046
8334,2956
8335,2946
8336,2946
8337,2956
8338,2955
8339,2945
8340,2945
8341,3025
8342,2945
8343,2946
8344,2946
8345,2956
8346,2946
8347,7935
8348,3026
8349,2986
8350,2946
8351,2946
8352,2946
8353,2936
8354,2946
8355,2936
8356,2946
8357,2935
8358,2935
8359,2945
8360,2945
8361,2935
8362,7875
8363,3016
8364,2956
8365,2946
8366,2946
8367,2945
8368,2935
8369,2945
8370,2945
8371,2945
8372,2945
8373,2945
8374,2945
8375,2946
8376,2946
8377,13375
8378,3086
8379,2946
8380,2946
8381,2956
8382,2945
8383,2935
8384,2935
8385,2935
8386,2935
8387,2935
8388,2935
8389,2935
8390,2945
8391,8235
8392,2956
8393,2946
8394,2946
8395,2946
8396,2956
8397,2956
8398,2956
8399,2956
8400,2945
8401,2945
8402,2945
8403,2945
8404,2945
8405,2955
8406,3086
8407,2955
8408,2955
8409,2945
8410,2946
8411,2936
8412,2956
8413,2946
8414,2946
8415,2946
8416,2956
8417,2946
8418,2945
8419,2935
8420,7854
8421,3056
8422,2956
8423,2946
8424,2945
8425,2945
8426,2945
8427,2945
8428,2935
8429,2945
8430,2945
8431,2945
8432,2946
8433,2946
8434,2946
8435,2946
8436,3066
8437,2956
8438,2956
8439,2946
8440,2946
8441,2936
8442,2945
8443,2945
8444,2945
8445,2945
8446,2945
8447,2945
8448,2945
8449,2946
8450,7965
8451,3035
8452,2945
8453,2946
8454,2946
8455,2936
8456,2936
8457,2946
8458,2946
8459,2946
8460,2946
8461,2956
8462,2946
8463,2945
8464,2935
8465,7925
8466,3036
8467,2946
8468,2946
8469,2945
8470,2945
8471,2945
8472,2945
8473,2945
8474,2945
8475,2945
8476,2935
8477,2946
8478,2946
8479,2936
8480,7965
8481,3015
8482,2945
8483,2946
8484,2936
8485,2946
8486,2936
8487,2936
8488,2936
8489,2926
8490,2936
8491,2936
8492,2936
8493,2936
8494,2936
8495,8006
8496,3016
8497,2946
8498,2936
8499,2956
8500,2945
8501,2945
8502,2935
8503,2935
8504,11071
8505,3076
8506,2945
8507,2935
8508,8115
8509,2996
8510,2945
8511,2955
8512,2945
8513,2955
8514,2955
8515,2956
8516,2946
8517,2946
8518,2956
8519,2946
8520,2946
8521,2956
8522,2945
8523,7945
8524,2956
8525,2936
8526,2936
8527,2946
8528,2946
8529,2946
8530,2946
8531,2945
8532,2945
8533,2935
8534,2935
8535,2945
8536,2955
8537,3016
8538,8065
8539,2965
8540,2946
8541,2946
8542,2946
8543,2946
8544,2956
8545,2956
8546,2946
8547,2946
8548,2956
8549,2945
8550,2955
8551,2955
8552,2945
8553,7935
8554,2966
8555,2936
8556,2946
8557,2946
8558,2935
8559,2955
8560,2935
8561,2945
8562,2945
8563,2935
8564,2945
8565,2946
8566,2946
8567,2946
8568,7925
8569,2955
8570,2945
8571,2945
8572,2945
8573,2946
8574,2946
8575,2946
8576,2946
8577,2956
8578,2946
8579,2946
8580,2946
8581,2945
8582,2945
8583,3156
8584,2956
8585,2945
8586,2945
8587,2935
8588,2935
8589,2945
8590,2935
8591,2935
8592,2945
8593,2946
8594,2946
8595,2946
8596,2936
8597,2936
8598,3085
8599,2955
8600,2946
8601,2946
8602,2946
8603,2936
8604,2936
8605,2946
8606,2946
8607,2946
8608,2946
8609,2945
8610,2935
8611,2945
8612,2935
8613,3136
8614,2946
8615,2946
8616,2936
8617,2946
8618,2936
8619,2946
8620,2936
8621,2945
8622,2945
8623,2935
8624,2945
8625,2935
8626,8035
8627,2975
8628,2945
8629,2945
8630,2945
8631,2945
8632,2945
8633,2946
8634,2946
8635,2956
8636,2946
8637,2946
8638,2946
8639,2956
8640,2946
8641,8066
8642,2976
8643,2946
8644,2956
8645,2946
8646,2956
8647,2945
8648,2935
8649,2935
8650,2945
8651,2945
8652,2955
8653,2956
8654,2946
8655,2956
8656,8005
8657,2965
8658,2935
8659,2945
8660,2946
8661,2936
8662,2946
8663,2946
8664,2936
8665,2946
8666,2946
8667,2956
8668,2955
8669,2945
8670,2945
8671,7945
8672,2956
8673,2936
8674,2946
8675,2945
8676,2945
8677,2945
8678,2945
8679,2945
8680,2945
8681,2935
8682,2946
8683,2946
8684,2946
8685,2956
8686,8035
8687,2966
8688,2936
8689,2946
8690,2936
8691,2946
8692,2946
8693,2946
8694,2946
8695,2956
8696,2935
8697,2945
8698,2945
8699,2955
8700,2945
8701,3066
8702,2966
8703,2935
8704,2945
8705,2955
8706,2945
8707,2945
8708,2945
8709,2945
8710,2946
8711,2946
8712,2936
8713,2946
8714,2946
8715,2946
8716,3085
8717,2965
8718,2946
8719,2946
8720,2946
8721,2946
8722,2946
8723,2946
8724,2946
8725,2946
8726,2945
8727,2945
8728,2945
8729,2935
8730,2945
8731,3086
8732,2966
8733,2945
8734,2945
8735,2945
8736,2935
8737,2945
8738,2945
8739,2945
8740,2946
8741,2946
8742,2946
8743,2946
8744,2946
8745,2946
8746,3106
8747,2946
8748,2946
8749,2946
8750,2946
8751,2936
8752,2956
8753,2946
8754,2945
8755,2945
8756,2945
8757,2935
8758,2945
8759,2945
8760,3085
8761,2966
8762,2956
8763,2956
8764,2946
8765,2946
8766,2946
8767,2946
8768,2945
8769,2945
8770,3015
8771,2945
8772,2956
8773,2946
8774,7925
8775,3025
8776,2955
8777,2945
8778,2946
8779,2926
8780,2926
8781,2946
8782,2936
8783,2936
8784,2946
8785,2946
8786,2936
8787,2946
8788,2936
8789,7915
8790,3016
8791,2966
8792,2946
8793,2946
8794,2936
8795,2946
8796,2946
8797,2935
8798,2935
8799,2955
8800,2945
8801,2935
8802,2955
8803,2945
8804,7795
8805,3006
8806,2946
8807,2956
8808,2945
8809,2935
8810,2935
8811,2935
8812,2935
8813,2935
8814,2935
8815,2935
8816,2945
8817,2946
8818,2936
8819,7885
8820,3015
8821,2955
8822,2945
8823,2955
8824,2946
8825,2936
8826,2946
8827,2936
8828,2946
8829,2936
8830,2936
8831,2946
8832,2946
8833,2946
8834,8035
8835,2986
8836,2956
8837,2946
8838,2955
8839,2945
8840,2945
8841,2955
8842,2945
8843,2945
8844,2945
8845,2946
8846,2946
8847,2946
8848,2946
8849,8015
8850,3016
8851,2956
8852,2946
8853,2936
8854,2936
8855,2936
8856,2936
8857,2936
8858,2925
8859,2935
8860,2925
8861,2935
8862,2945
8863,2935
8864,13325
8865,3045
8866,2945
8867,2935
8868,2935
8869,2945
8870,2946
8871,2936
8872,2936
8873,2936
8874,2936
8875,2936
8876,2936
8877,2946
8878,3116
8879,2966
8880,2945
8881,3015
8882,2945
8883,2945
8884,2946
8885,2946
8886,2956
8887,2946
8888,2946
8889,2946
8890,2946
8891,2946
8892,2955
8893,3056
8894,2946
8895,2946
8896,2946
8897,2945
8898,2935
8899,2945
8900,3015
8901,2955
8902,2956
8903,2946
8904,2936
8905,2946
8906,2946
8907,7845
8908,3035
8909,3026
8910,2956
8911,3016
8912,2946
8913,2936
8914,2946
8915,2975
8916,2945
8917,2945
8918,2945
8919,2935
8920,2945
8921,2946
8922,7184
8923,3026
8924,2946
8925,2956
8926,2956
8927,2945
8928,2945
8929,2945
8930,2945
8931,2935
8932,2945
8933,2935
8934,3016
8935,2946
8936,2946
8937,7835
8938,3055
8939,2956
8940,2946
8941,2946
8942,2946
8943,2946
8944,2946
8945,2946
8946,2946
8947,2945
8948,2955
8949,2955
8950,2955
8951,2935
8952,7935
8953,3046
8954,2955
8955,2945
8956,2945
8957,2955
8958,2935
8959,2936
8960,2936
8961,2936
8962,2936
8963,2936
8964,2936
8965,2946
8966,2936
8967,7975
8968,3036
8969,2956
8970,2946
8971,2956
8972,2946
8973,2945
8974,2955
8975,2945
8976,2945
8977,2945
8978,2945
8979,2945
8980,2956
8981,2956
8982,7995
8983,3025
8984,2956
8985,2956
8986,2946
8987,2946
8988,3146
8989,2955
8990,2945
8991,2935
8992,2946
8993,2936
8994,2946
8995,7985
8996,2985
8997,2945
8998,2946
8999,2946
9000,2956
9001,2946
9002,2946
9003,2946
9004,2946
9005,2946
9006,2945
9007,2955
9008,2945
9009,2945
9010,7945
9011,2976
9012,2946
9013,2946
9014,2945
9015,2945
9016,2945
9017,2945
9018,2935
9019,2945
9020,2946
9021,2946
9022,2946
9023,2946
9024,2946
9025,8055
9026,2946
9027,2946
9028,3016
9029,2946
9030,2956
9031,2956
9032,2955
9033,2945
9034,2945
9035,2935
9036,2945
9037,2945
9038,2946
9039,2946
9040,8095
9041,2955
9042,2936
9043,2946
9044,2946
9045,2946
9046,2956
9047,2956
9048,2956
9049,2956
9050,2945
9051,2945
9052,2955
9053,2945
9054,2955
9055,3076
9056,2955
9057,2955
9058,2955
9059,2946
9060,2946
9061,2956
9062,2956
9063,2946
9064,2956
9065,2946
9066,2946
9067,2935
9068,2945
9069,2945
9070,3056
9071,2946
9072,2945
9073,2945
9074,2945
9075,2935
9076,2945
9077,2945
9078,2945
9079,2946
9080,2946
9081,2946
9082,2946
9083,2936
9084,2946
9085,3036
9086,2936
9087,2936
9088,2936
9089,2936
9090,2936
9091,2926
9092,2936
9093,2926
9094,2936
9095,2936
9096,2936
9097,2936
9098,2926
9099,13346
9100,3096
9101,2945
9102,2945
9103,2935
9104,2935
9105,2935
9106,2935
9107,2925
9108,2946
9109,2936
9110,2936
9111,2936
9112,2936
9113,8296
9114,2986
9115,2945
9116,2945
9117,2955
9118,2945
9119,2945
9120,2945
9121,2946
9122,2946
9123,2946
9124,2946
9125,2956
9126,2946
9127,2956
9128,8036
9129,2966
9130,2946
9131,2946
9132,2936
9133,2956
9134,2956
9135,2945
9136,2935
9137,2945
9138,2935
9139,2945
9140,2945
9141,2945
9142,2946
9143,8135
9144,2955
9145,2956
9146,2946
9147,2946
9148,2946
9149,2946
9150,2946
9151,2946
9152,2946
9153,2945
9154,2955
9155,2955
9156,2945
9157,2945
9158,3075
9159,2965
9160,2935
9161,2945
9162,2946
9163,2946
9164,2956
9165,2946
9166,2936
9167,2946
9168,2936
9169,2946
9170,2945
9171,2945
9172,7764
9173,3056
9174,2956
9175,2946
9176,2936
9177,2936
9178,2935
9179,2945
9180,2945
9181,2945
9182,2945
9183,2935
9184,2935
9185,2945
9186,2935
9187,7865
9188,3046
9189,2945
9190,2945
9191,2935
9192,2935
9193,2945
9194,2946
9195,2946
9196,2946
9197,2946
9198,2946
9199,2946
9200,2936
9201,2946
9202,7935
9203,3046
9204,2956
9205,2946
9206,2946
9207,2945
9208,2945
9209,2945
9210,2945
9211,2935
9212,2945
9213,2945
9214,2935
9215,2956
9216,2936
9217,7795
9218,3016
9219,2945
9220,2945
9221,2945
9222,2945
9223,2935
9224,2945
9225,2945
9226,2946
9227,2946
9228,2946
9229,10670
9230,8185
9231,3015
9232,2946
9233,2936
9234,2936
9235,2926
9236,3006
9237,2946
9238,2936
9239,2946
9240,2995
9241,2935
9242,2935
9243,2935
9244,2935
9245,7925
9246,3006
9247,2955
9248,2955
9249,2955
9250,2955
9251,2945
9252,2956
9253,2946
9254,2946
9255,2956
9256,2956
9257,2956
9258,2956
9259,2945
9260,7905
9261,2986
9262,2956
9263,2956
9264,2936
9265,2946
9266,2946
9267,2945
9268,2935
9269,2945
9270,2945
9271,2945
9272,2945
9273,2945
9274,2946
9275,7975
9276,2965
9277,2935
9278,2945
9279,2945
9280,2935
9281,2946
9282,2946
9283,2936
9284,2936
9285,2946
9286,2936
9287,2946
9288,2946
9289,2936
9290,7985
9291,2976
9292,2956
9293,2946
9294,2956
9295,2946
9296,2955
9297,2945
9298,2935
9299,2945
9300,2945
9301,2955
9302,2955
9303,2946
9304,2956
9305,7915
9306,2975
9307,2945
9308,2955
9309,2945
9310,2945
9311,2946
9312,2946
9313,2936
9314,2946
9315,2946
9316,2946
9317,2956
9318,2956
9319,2945
9320,8055
9321,2976
9322,2946
9323,2945
9324,2935
9325,2955
9326,2955
9327,2945
9328,2945
9329,2945
9330,2946
9331,2946
9332,2956
9333,2946
9334,2946
9335,8096
9336,2966
9337,2946
9338,2946
9339,2946
9340,2956
9341,2955
9342,2955
9343,2945
9344,2945
9345,2955
9346,2955
9347,2946
9348,2956
9349,2946
9350,3176
9351,2955
9352,2945
9353,2945
9354,2945
9355,2945
9356,2945
9357,2945
9358,2946
9359,2946
9360,2946
9361,2946
9362,2946
9363,8136
9364,3016
9365,2946
9366,2956
9367,2945
9368,2935
9369,2945
9370,2945
9371,2945
9372,2945
9373,2945
9374,2946
9375,2946
9376,2946
9377,2946
9378,8015
9379,2976
9380,2956
9381,2946
9382,2946
9383,2946
9384,2946
9385,2946
9386,2956
9387,2955
9388,2955
9389,2945
9390,2945
9391,2945
9392,2945
9393,7985
9394,2975
9395,2955
9396,2955
9397,2945
9398,2956
9399,2956
9400,2946
9401,2956
9402,2956
9403,2956
9404,2956
9405,2955
9406,2945
9407,2955
9408,8045
9409,2965
9410,2955
9411,2955
9412,2945
9413,2945
9414,2955
9415,2956
9416,2946
9417,2956
9418,2956
9419,2946
9420,2956
9421,2956
9422,2946
9423,7884
9424,2956
9425,2946
9426,2946
9427,2956
9428,2946
9429,2946
9430,2946
9431,2946
9432,2945
9433,2945
9434,2955
9435,2955
9436,2945
9437,2945
9438,7865
9439,2956
9440,2946
9441,2956
9442,2955
9443,2945
9444,2945
9445,2945
9446,2945
9447,2945
9448,2946
9449,2946
9450,2946
9451,2946
9452,2946
9453,7965
9454,2956
9455,2946
9456,2946
9457,2956
9458,2956
9459,2946
9460,2946
9461,2956
9462,2956
9463,2945
9464,2955
9465,2955
9466,2945
9467,2955
9468,3106
9469,12714
9470,3046
9471,2946
9472,2946
9473,2946
9474,2936
9475,2936
9476,2935
9477,2945
9478,2945
9479,2945
9480,7985
9481,2976
9482,2946
9483,2945
9484,2945
9485,2945
9486,2945
9487,2955
9488,2945
9489,2936
9490,2946
9491,2946
9492,2946
9493,2946
9494,2946
9495,8076
9496,2976
9497,2946
9498,2946
9499,2946
9500,2956
9501,2955
9502,2945
9503,2945
9504,2955
9505,2945
9506,2945
9507,2946
9508,2946
9509,2946
9510,7985
9511,2965
9512,2925
9513,2956
9514,2946
9515,2946
9516,2956
9517,2956
9518,2946
9519,2956
9520,2946
9521,2945
9522,2945
9523,2945
9524,2945
9525,7915
9526,2976
9527,2956
9528,2946
9529,2945
9530,2945
9531,2955
9532,2945
9533,2945
9534,2955
9535,2956
9536,2946
9537,2956
9538,2946
9539,2946
9540,3096
9541,2965
9542,2945
9543,2956
9544,2946
9545,2946
9546,2946
9547,2946
9548,2946
9549,2956
9550,2956
9551,2945
9552,2945
9553,2945
9554,2945
9555,7995
9556,2966
9557,2956
9558,2955
9559,2945
9560,2945
9561,2945
9562,2945
9563,2945
9564,2946
9565,2946
9566,2946
9567,2946
9568,2946
9569,2946
9570,3076
9571,2966
9572,2946
9573,2946
9574,2956
9575,2946
9576,2955
9577,2945
9578,2945
9579,2945
9580,2945
9581,2955
9582,2956
9583,2946
9584,2946
9585,3166
9586,2956
9587,2956
9588,2946
9589,2936
9590,2945
9591,2945
9592,2935
9593,2945
9594,2945
9595,2945
9596,2946
9597,2936
9598,8065
9599,2975
9600,2945
9601,2956
9602,2936
9603,2946
9604,2946
9605,2946
9606,2936
9607,2936
9608,2946
9609,2946
9610,2945
9611,2945
9612,2945
9613,7965
9614,2976
9615,2946
9616,2946
9617,2945
9618,2945
9619,2955
9620,2945
9621,2945
9622,2945
9623,2946
9624,2946
9625,2956
9626,2956
9627,2956
9628,8015
9629,2976
9630,2946
9631,2956
9632,2946
9633,2946
9634,2956
9635,2956
9636,2945
9637,2945
9638,2945
9639,2945
9640,2955
9641,2955
9642,2956
9643,8065
9644,2955
9645,2945
9646,2945
9647,2946
9648,2946
9649,2946
9650,2956
9651,2956
9652,2946
9653,2946
9654,2946
9655,2945
9656,2945
9657,2945
9658,8095
9659,2955
9660,2945
9661,2955
9662,2945
9663,2945
9664,2955
9665,2946
9666,2946
9667,2946
9668,2946
9669,2946
9670,2946
9671,2956
9672,2956
9673,3096
9674,2966
9675,2946
9676,2946
9677,2955
9678,2955
9679,2955
9680,2955
9681,2955
9682,2955
9683,2956
9684,2946
9685,2946
9686,2946
9687,2956
9688,3055
9689,2955
9690,2946
9691,2946
9692,2946
9693,2946
9694,2956
9695,2946
9696,2946
9697,2946
9698,2936
9699,2935
9700,2945
9701,2945
9702,7764
9703,3066
9704,2956
9705,2956
9706,2946
9707,2946
9708,2946
9709,2946
9710,11241
9711,3046
9712,2945
9713,2935
9714,2935
9715,7875
9716,3006
9717,2946
9718,2946
9719,2946
9720,2936
9721,2945
9722,2935
9723,2935
9724,2945
9725,2945
9726,2945
9727,2935
9728,2935
9729,2935
9730,7915
9731,3006
9732,2955
9733,2955
9734,2945
9735,2945
9736,2935
9737,2935
9738,2925
9739,2936
9740,2936
9741,2936
9742,2936
9743,2936
9744,2926
9745,8136
9746,3016
9747,2946
9748,2946
9749,2955
9750,2935
9751,2945
9752,2945
9753,2935
9754,2935
9755,2945
9756,2935
9757,2936
9758,2946
9759,2936
9760,7925
9761,2995
9762,2955
9763,2955
9764,2946
9765,2946
9766,2946
9767,2946
9768,2946
9769,2946
9770,2946
9771,2946
9772,2946
9773,2945
9774,2945
9775,8065
9776,2996
9777,2945
9778,2945
9779,2945
9780,2945
9781,2945
9782,2946
9783,2936
9784,2946
9785,2936
9786,2946
9787,2936
9788,2946
9789,2946
9790,8086
9791,2976
9792,2936
9793,2936
9794,2956
9795,2945
9796,2955
9797,2955
9798,2945
9799,2935
9800,2945
9801,2935
9802,2936
9803,2946
9804,2946
9805,7945
9806,2955
9807,2935
9808,2935
9809,2945
9810,2956
9811,2946
9812,2946
9813,2946
9814,2946
9815,2936
9816,2946
9817,2946
9818,2946
9819,2945
9820,13415
9821,3006
9822,2935
9823,2945
9824,2935
9825,2935
9826,2945
9827,2935
9828,2936
9829,2946
9830,2926
9831,2946
9832,2936
9833,7865
9834,3035
9835,2956
9836,2956
9837,2946
9838,2936
9839,2946
9840,2946
9841,2946
9842,2946
9843,2946
9844,2946
9845,2945
9846,2935
9847,2935
9848,7965
9849,3026
9850,2955
9851,2945
9852,2955
9853,2935
9854,2945
9855,2955
9856,2945
9857,2946
9858,2946
9859,2966
9860,2946
9861,2946
9862,2946
9863,7855
9864,3015
9865,2956
9866,2946
9867,2936
9868,2926
9869,2926
9870,2946
9871,2936
9872,3006
9873,2946
9874,2935
9875,2935
9876,2935
9877,2925
9878,8035
9879,3016
9880,2955
9881,2955
9882,2945
9883,2935
9884,2935
9885,2935
9886,2935
9887,2946
9888,2946
9889,2936
9890,2936
9891,2936
9892,2946
9893,7925
9894,2995
9895,2956
9896,2946
9897,2946
9898,2946
9899,2936
9900,2936
9901,2936
9902,2936
9903,2936
9904,2946
9905,2935
9906,2945
9907,2935
9908,7855
9909,3006
9910,2966
9911,3006
9912,2945
9913,2935
9914,2935
9915,2935
9916,2935
9917,2935
9918,2935
9919,2945
9920,2946
9921,2946
9922,2946
9923,7945
9924,2985
9925,2945
9926,2945
9927,2945
9928,2946
9929,2946
9930,2946
9931,2946
9932,2946
9933,2946
9934,2946
9935,2946
9936,2945
9937,2945
9938,8125
9939,2965
9940,2945
9941,2945
9942,2935
9943,2945
9944,2935
9945,2945
9946,2935
9947,2925
9948,2935
9949,2935
9950,2946
9951,2936
9952,14097
9953,3016
9954,2936
9955,2926
9956,2936
9957,2936
9958,2935
9959,2935
9960,2925
9961,2925
9962,2935
9963,2925
9964,2925
9965,2935
9966,7975
9967,3016
9968,2945
9969,2925
9970,2935
9971,2935
9972,2935
9973,2935
9974,2935
9975,2925
9976,2935
9977,2935
9978,2935
9979,2935
9980,2936
9981,7895
9982,3006
9983,2935
9984,2935
9985,2935
9986,2935
9987,2935
9988,2935
9989,2935
9990,2935
9991,2935
9992,2925
9993,2925
9994,2935
9995,2936
9996,8005
9997,3015
9998,2935
9999,2935
